table_schema,table_name,ordinal_position,column_name,data_type,is_nullable,column_default
"fps","additionalcosts_log",1,"sequenceno","integer","NO","nextval('fps.additionalcosts_log_sequenceno_seq'::regclass)"
"fps","additionalcosts_log",2,"jobcode","character varying","NO",""
"fps","additionalcosts_log",3,"account","character varying","NO",""
"fps","additionalcosts_log",4,"description","character varying","NO",""
"fps","additionalcosts_log",5,"itemcost","money","NO",""
"fps","additionalcosts_log",6,"freq","character varying","YES",""
"fps","additionalcosts_log",7,"supplier","character varying","YES",""
"fps","additionalcosts_log",8,"date_time","timestamp without time zone","YES",""
"fps","additionalcosts_log",9,"user_id","character varying","YES",""
"fps","additionalcosts_log",10,"insert_delete","character","YES",""
"fps","additionalcosts_log",11,"fpsyear","integer","NO",""
"fps","animalreq_log",1,"sequenceno","integer","NO","nextval('fps.animalreq_log_sequenceno_seq'::regclass)"
"fps","animalreq_log",2,"jobcode","character varying","NO",""
"fps","animalreq_log",3,"animaltype","character varying","NO",""
"fps","animalreq_log",4,"numberofdays","double precision","NO",""
"fps","animalreq_log",5,"numberofanimals","double precision","NO",""
"fps","animalreq_log",6,"date_time","timestamp without time zone","YES",""
"fps","animalreq_log",7,"user_id","character varying","YES",""
"fps","animalreq_log",8,"insert_delete","character","YES",""
"fps","animalreq_log",9,"fpsyear","integer","NO",""
"fps","costcentre",1,"costcentre","double precision","NO",""
"fps","costcentre",2,"profitcentre","USER-DEFINED","NO",""
"fps","costcentre",3,"fpsyear","integer","NO",""
"fps","divisiongrade",1,"divisiongrade","USER-DEFINED","NO",""
"fps","divisiongrade",2,"gradecode","USER-DEFINED","NO",""
"fps","divisiongrade",3,"division","USER-DEFINED","NO",""
"fps","divisiongrade",4,"chargerate","money","YES","0"
"fps","divisiongrade",5,"directrate","money","YES","0"
"fps","divisiongrade",6,"payrate","money","YES","0"
"fps","divisiongrade",7,"npr","money","YES","0"
"fps","divisiongrade",8,"ohr","money","YES","0"
"fps","divisiongrade",9,"fpsyear","integer","NO",""
"fps","fpsyeartotals",1,"parentproject","character varying","NO",""
"fps","fpsyeartotals",2,"program","character varying","NO",""
"fps","fpsyeartotals",3,"totaladditionalcosts","money","YES",""
"fps","fpsyeartotals",4,"totalanimalcosts","double precision","YES",""
"fps","fpsyeartotals",5,"totalstaffcosts","double precision","YES",""
"fps","fpsyeartotals",6,"totaltestcosts","double precision","YES",""
"fps","fpsyeartotals",7,"totalcosts","double precision","YES",""
"fps","fpsyeartotals",8,"custincome","money","NO",""
"fps","fpsyeartotals",9,"transferincome","money","NO",""
"fps","fpsyeartotals",10,"totalincome","money","NO",""
"fps","fpsyeartotals",11,"budget_cvl","money","YES",""
"fps","fpsyeartotals",12,"requiredprofit","money","YES",""
"fps","fpsyeartotals",13,"manager","character varying","YES",""
"fps","fpsyeartotals",14,"customer","character varying","YES",""
"fps","fpsyeartotals",15,"projectstatus","character varying","YES",""
"fps","fpsyeartotals",16,"pvsincome","money","YES",""
"fps","fpsyeartotals",17,"plancaseworkdebit","money","YES",""
"fps","fpsyeartotals",18,"totalpaycosts","double precision","YES",""
"fps","fpsyeartotals",19,"fpsyear","integer","NO",""
"fps","grade",1,"gradecode","USER-DEFINED","NO",""
"fps","grade",2,"desc_long","character varying","YES",""
"fps","grade",3,"avsalary","money","YES","0"
"fps","grade",4,"pactcode","character varying","YES",""
"fps","grade",5,"avleavehrs","double precision","YES","0"
"fps","grade",6,"avsickhrs","double precision","YES","0"
"fps","grade",7,"fpsyear","integer","NO",""
"fps","milestone",1,"project","USER-DEFINED","NO",""
"fps","milestone",2,"milestoneref","character varying","NO",""
"fps","milestone",3,"objectiveref","character varying","NO",""
"fps","milestone",4,"milsetonetitle","character varying","YES",""
"fps","milestone",5,"plandate","date","YES",""
"fps","milestone",6,"actualdate","date","YES",""
"fps","milestone",7,"comment","text","YES",""
"fps","milestone",8,"monthnofin","double precision","YES",""
"fps","milestone",9,"year","character varying","YES",""
"fps","milestone",10,"fpsyear","integer","NO",""
"fps","mo_log",1,"sequenceno","integer","NO",""
"fps","mo_log",2,"testcode","character varying","YES",""
"fps","mo_log",3,"buyer","character varying","YES",""
"fps","mo_log",4,"month","double precision","YES",""
"fps","mo_log",5,"workgroup","character varying","YES",""
"fps","mo_log",6,"volume","double precision","YES",""
"fps","mo_log",7,"wgbuyer","character varying","YES",""
"fps","mo_log",8,"date_time","timestamp without time zone","YES",""
"fps","mo_log",9,"user_id","character varying","YES",""
"fps","mo_log",10,"insert_delete","character","YES",""
"fps","mo_log",11,"fpsyear","integer","NO",""
"fps","monthlyoutput",1,"testcode","USER-DEFINED","NO",""
"fps","monthlyoutput",2,"buyer","USER-DEFINED","NO",""
"fps","monthlyoutput",3,"month","double precision","NO",""
"fps","monthlyoutput",4,"workgroup","USER-DEFINED","NO",""
"fps","monthlyoutput",5,"volume","double precision","YES",""
"fps","monthlyoutput",6,"wgbuyer","character varying","YES",""
"fps","monthlyoutput",7,"fpsyear","integer","NO",""
"fps","monthlytime",1,"pactstaffid","USER-DEFINED","NO",""
"fps","monthlytime",2,"timecode","USER-DEFINED","NO",""
"fps","monthlytime",3,"month","double precision","NO",""
"fps","monthlytime",4,"parentproject","USER-DEFINED","NO",""
"fps","monthlytime",5,"workgroup","USER-DEFINED","YES",""
"fps","monthlytime",6,"hours","double precision","YES",""
"fps","monthlytime",7,"fpsyear","integer","NO",""
"fps","mt_log",1,"sequenceno","integer","NO","nextval('fps.mt_log_sequenceno_seq'::regclass)"
"fps","mt_log",2,"pactstaffid","character varying","NO",""
"fps","mt_log",3,"timecode","character varying","NO",""
"fps","mt_log",4,"month","double precision","NO",""
"fps","mt_log",5,"parentproject","character varying","NO",""
"fps","mt_log",6,"workgroup","character varying","YES",""
"fps","mt_log",7,"hours","double precision","YES",""
"fps","mt_log",8,"date_time","timestamp without time zone","YES",""
"fps","mt_log",9,"user_id","character varying","YES",""
"fps","mt_log",10,"insert_delete","character","YES",""
"fps","mt_log",11,"fpsyear","integer","NO",""
"fps","period_monthlyoutput",1,"id","integer","NO","nextval('fps.period_monthlyoutput_id_seq'::regclass)"
"fps","period_monthlyoutput",2,"period","integer","NO",""
"fps","period_monthlyoutput",3,"project","character varying","NO",""
"fps","period_monthlyoutput",4,"oracleprojectcode","character varying","YES",""
"fps","period_monthlyoutput",5,"subaccountcode","character varying","YES",""
"fps","period_monthlyoutput",6,"isdefraproject","character varying","NO",""
"fps","period_monthlyoutput",7,"opc","character varying","YES",""
"fps","period_monthlyoutput",8,"occ","double precision","YES",""
"fps","period_monthlyoutput",9,"month","double precision","NO",""
"fps","period_monthlyoutput",10,"spc","character varying","NO",""
"fps","period_monthlyoutput",11,"workgroup","character varying","NO",""
"fps","period_monthlyoutput",12,"scc","double precision","YES",""
"fps","period_monthlyoutput",13,"testcode","character varying","NO",""
"fps","period_monthlyoutput",14,"volume","double precision","YES",""
"fps","period_monthlyoutput",15,"testprice","money","YES",""
"fps","period_monthlyoutput",16,"totalcost","money","YES",""
"fps","period_proj_subcontract",1,"period","smallint","NO",""
"fps","period_proj_subcontract",2,"subcontcounter","integer","NO",""
"fps","period_proj_subcontract",3,"project","character varying","YES",""
"fps","period_proj_subcontract",4,"oracleprojectcode","character varying","YES",""
"fps","period_proj_subcontract",5,"subaccountcode","character varying","YES",""
"fps","period_proj_subcontract",6,"isdefraproject","character varying","NO",""
"fps","period_proj_subcontract",7,"opc","character varying","YES",""
"fps","period_proj_subcontract",8,"occ","double precision","YES",""
"fps","period_proj_subcontract",9,"month","double precision","YES",""
"fps","period_proj_subcontract",10,"amount","money","YES",""
"fps","period_proj_subcontract",11,"acctcode","character varying","YES",""
"fps","period_timecostcalcs",1,"id","integer","NO","nextval('fps.period_timecostcalcs_id_seq'::regclass)"
"fps","period_timecostcalcs",2,"period","integer","NO",""
"fps","period_timecostcalcs",3,"project","character varying","NO",""
"fps","period_timecostcalcs",4,"oracleprojectcode","character varying","YES",""
"fps","period_timecostcalcs",5,"subaccountcode","character varying","YES",""
"fps","period_timecostcalcs",6,"month","double precision","NO",""
"fps","period_timecostcalcs",7,"defraproject","character varying","NO",""
"fps","period_timecostcalcs",8,"occ","double precision","YES",""
"fps","period_timecostcalcs",9,"opc","character varying","YES",""
"fps","period_timecostcalcs",10,"spc","character varying","NO",""
"fps","period_timecostcalcs",11,"scc","double precision","YES",""
"fps","period_timecostcalcs",12,"name","character varying","YES",""
"fps","period_timecostcalcs",13,"gradecode","character varying","YES",""
"fps","period_timecostcalcs",14,"spnumber","character varying","NO",""
"fps","period_timecostcalcs",15,"chargerate","money","YES",""
"fps","period_timecostcalcs",16,"pay","money","YES",""
"fps","period_timecostcalcs",17,"nonpay","money","YES",""
"fps","period_timecostcalcs",18,"overhead","money","YES",""
"fps","period_timecostcalcs",19,"time","double precision","YES",""
"fps","period_timecostcalcs",20,"totalcost","money","YES",""
"fps","plancatwggrade",1,"plancategory","USER-DEFINED","NO",""
"fps","plancatwggrade",2,"wggrade","USER-DEFINED","NO",""
"fps","plancatwggrade",3,"hours","integer","YES","0"
"fps","plancatwggrade",4,"createdby","character varying","YES",""
"fps","plancatwggrade",5,"selleragrees","character varying","YES",""
"fps","plancatwggrade",6,"buyeragrees","character varying","YES",""
"fps","plancatwggrade",7,"fpsyear","integer","NO",""
"fps","profitcentregrade",1,"pcgrade","USER-DEFINED","NO",""
"fps","profitcentregrade",2,"divisiongrade","USER-DEFINED","NO",""
"fps","profitcentregrade",3,"gradecode","USER-DEFINED","NO",""
"fps","profitcentregrade",4,"profitcentre","USER-DEFINED","NO",""
"fps","profitcentregrade",5,"chargerate","money","YES",""
"fps","profitcentregrade",6,"directrate","money","YES","0"
"fps","profitcentregrade",7,"payrate","money","YES","0"
"fps","profitcentregrade",8,"npr","money","YES","0"
"fps","profitcentregrade",9,"ohr","money","YES","0"
"fps","profitcentregrade",10,"hrsavailable","double precision","YES","0"
"fps","profitcentregrade",11,"oldchargerate","money","YES","0"
"fps","profitcentregrade",12,"defrachargerate","money","YES",""
"fps","profitcentregrade",13,"fpsyear","integer","NO",""
"fps","profitcentregrade_nondefra",1,"pcgrade","character varying","NO",""
"fps","profitcentregrade_nondefra",2,"divisiongrade","USER-DEFINED","NO",""
"fps","profitcentregrade_nondefra",3,"gradecode","USER-DEFINED","NO",""
"fps","profitcentregrade_nondefra",4,"profitcentre","USER-DEFINED","NO",""
"fps","profitcentregrade_nondefra",5,"chargerate","money","YES","0"
"fps","profitcentregrade_nondefra",6,"directrate","money","YES","0"
"fps","profitcentregrade_nondefra",7,"payrate","money","YES","0"
"fps","profitcentregrade_nondefra",8,"npr","money","YES","0"
"fps","profitcentregrade_nondefra",9,"ohr","money","YES","0"
"fps","profitcentregrade_nondefra",10,"hrsavailable","double precision","YES","0"
"fps","profitcentregrade_nondefra",11,"oldchargerate","money","YES","0"
"fps","profitcentregrade_nondefra",12,"fpsyear","integer","NO",""
"fps","proj_invoice",1,"projectparent","USER-DEFINED","NO",""
"fps","proj_invoice",2,"month","integer","YES",""
"fps","proj_invoice",3,"amount","money","YES",""
"fps","proj_invoice",4,"costofwork","money","YES",""
"fps","proj_invoice",5,"wip","money","YES",""
"fps","proj_invoice",6,"profitloss","money","YES",""
"fps","proj_invoice",7,"detail","character varying","YES",""
"fps","proj_invoice",8,"invoicecounter","integer","NO",""
"fps","proj_invoice",9,"x","character varying","YES",""
"fps","proj_invoice",10,"type","character varying","YES",""
"fps","proj_invoice",11,"fpsyear","integer","NO",""
"fps","proj_subcontract",1,"subcontcounter","integer","NO","nextval('fps.proj_subcontract_subcontcounter_seq'::regclass)"
"fps","proj_subcontract",2,"project","USER-DEFINED","YES",""
"fps","proj_subcontract",3,"testjob","character varying","YES",""
"fps","proj_subcontract",4,"month","double precision","YES",""
"fps","proj_subcontract",5,"amount","money","YES",""
"fps","proj_subcontract",6,"workgroup","character varying","YES",""
"fps","proj_subcontract",7,"acctcode","character varying","YES",""
"fps","proj_subcontract",8,"supplier","character varying","YES",""
"fps","proj_subcontract",9,"description","character varying","YES",""
"fps","proj_subcontract",10,"suppliernumber","integer","YES",""
"fps","proj_subcontract",11,"dailyrate","money","YES",""
"fps","proj_subcontract",12,"animaldays","integer","YES",""
"fps","proj_subcontract",13,"fpsyear","integer","NO",""
"fps","project_log",1,"sequenceno","integer","NO","nextval('fps.project_log_sequenceno_seq'::regclass)"
"fps","project_log",2,"parentproject","character varying","NO",""
"fps","project_log",3,"projecttitle","character varying","NO",""
"fps","project_log",4,"program","character varying","NO",""
"fps","project_log",5,"customer","character varying","NO",""
"fps","project_log",6,"manager","character varying","YES",""
"fps","project_log",7,"transferincome","money","NO",""
"fps","project_log",8,"custincome","money","NO",""
"fps","project_log",9,"wip_eoy","money","YES",""
"fps","project_log",10,"wip_limit","money","YES",""
"fps","project_log",11,"wip_current","money","YES",""
"fps","project_log",12,"projectstatus","character varying","NO",""
"fps","project_log",13,"costbookno","character varying","YES",""
"fps","project_log",14,"datecreated","timestamp without time zone","YES",""
"fps","project_log",15,"feccost","money","YES",""
"fps","project_log",16,"profit","money","YES",""
"fps","project_log",17,"budget_cvl","money","YES",""
"fps","project_log",18,"datecosted","timestamp without time zone","YES",""
"fps","project_log",19,"disease","character varying","NO",""
"fps","project_log",20,"contract","character varying","NO",""
"fps","project_log",21,"projectparent","character varying","YES",""
"fps","project_log",22,"shorttitle","character varying","YES",""
"fps","project_log",23,"caseworksub","numeric","YES",""
"fps","project_log",24,"pvsincome","money","YES",""
"fps","project_log",25,"plancaseworkdebit","money","YES",""
"fps","project_log",26,"finished","smallint","YES",""
"fps","project_log",27,"owningrc","character varying","YES",""
"fps","project_log",28,"comments","text","YES",""
"fps","project_log",29,"carryover","money","YES",""
"fps","project_log",30,"carryoverseed","money","YES",""
"fps","project_log",31,"date_time","timestamp without time zone","YES",""
"fps","project_log",32,"user_id","character varying","YES",""
"fps","project_log",33,"insert_delete","character","YES",""
"fps","project_log",34,"jobcode","character varying","NO",""
"fps","project_log",35,"isdefraproject","smallint","YES",""
"fps","project_log",36,"costcentre","double precision","YES",""
"fps","project_log",37,"oracleprojectcode","character varying","YES",""
"fps","project_log",38,"subaccountcode","character varying","YES",""
"fps","project_log",39,"projectgroup","character varying","YES",""
"fps","project_log",40,"incomeaccountcode","character varying","YES",""
"fps","project_log",41,"fpsyear","integer","NO",""
"fps","projectmonth",1,"project","character varying","NO",""
"fps","projectmonth",2,"monthno","integer","NO",""
"fps","projectmonth",3,"costprofile","money","YES",""
"fps","projectmonth",4,"fpsyear","integer","NO",""
"fps","projectmonth2",1,"project","character varying","NO",""
"fps","projectmonth2",2,"monthno","double precision","NO",""
"fps","projectmonth2",3,"costprofile","money","YES",""
"fps","projectmonth2",4,"subcontracts","money","YES",""
"fps","projectmonth2",5,"animals","money","YES",""
"fps","projectmonth2",6,"nonanimal","money","YES",""
"fps","projectmonth2",7,"timecosts","double precision","YES",""
"fps","projectmonth2",8,"transfercosts","double precision","YES",""
"fps","projectmonth2",9,"totalcost","money","YES",""
"fps","projectmonth2",10,"invoices","money","YES",""
"fps","projectmonth2",11,"coiw","money","YES",""
"fps","projectmonth2",12,"sumofcostprofile","money","YES",""
"fps","projectmonth2",13,"portsales","double precision","YES",""
"fps","projectmonth2",14,"mstonedue","integer","YES",""
"fps","projectmonth2",15,"due__done","double precision","YES",""
"fps","projectmonth2",16,"ontime","double precision","YES",""
"fps","projectmonth2",17,"totalhours","double precision","YES",""
"fps","projectmonth2",18,"paycosts","double precision","YES",""
"fps","projectmonth2",19,"fpsyear","integer","NO",""
"fps","projectmonth3",1,"endperiod","double precision","NO",""
"fps","projectmonth3",2,"periodname","character varying","YES",""
"fps","projectmonth3",3,"project","character varying","NO",""
"fps","projectmonth3",4,"cumcost","money","YES",""
"fps","projectmonth3",5,"cuminvoices","money","YES",""
"fps","projectmonth3",6,"cumcoiw","money","YES",""
"fps","projectmonth3",7,"cumportsales","double precision","YES",""
"fps","projectmonth3",8,"cumprofile","money","YES",""
"fps","projectmonth3",9,"sumofcostprofile","money","YES",""
"fps","projectmonth3",10,"sumofmstonedue","double precision","YES",""
"fps","projectmonth3",11,"sumofdue__done","double precision","YES",""
"fps","projectmonth3",12,"sumofontime","double precision","YES",""
"fps","projectmonth3",13,"cumcwdebit","money","YES",""
"fps","projectmonth3",14,"cumcwcredit","money","YES",""
"fps","projectmonth3",15,"cumtotalhours","double precision","YES",""
"fps","projectmonth3",16,"cumsubcontracts","double precision","YES",""
"fps","projectmonth3",17,"cumtestcosts","double precision","YES",""
"fps","projectmonth3",18,"cumpaycosts","double precision","YES",""
"fps","projectmonth3",19,"fpsyear","integer","NO",""
"fps","projectmonthcasework",1,"project","character varying","NO",""
"fps","projectmonthcasework",2,"monthno","integer","NO",""
"fps","projectmonthcasework",3,"cwdebit","double precision","YES",""
"fps","projectmonthcasework",4,"cwcredit","double precision","YES",""
"fps","projectmonthfinal",1,"project","character varying","NO",""
"fps","projectmonthfinal",2,"monthno","double precision","NO",""
"fps","projectmonthfinal",3,"periodname","character varying","YES",""
"fps","projectmonthfinal",4,"cumflag","double precision","YES",""
"fps","projectmonthfinal",5,"costprofile","money","YES",""
"fps","projectmonthfinal",6,"subcontracts","money","YES",""
"fps","projectmonthfinal",7,"animals","money","YES",""
"fps","projectmonthfinal",8,"nonanimals","money","YES",""
"fps","projectmonthfinal",9,"timecosts","money","YES",""
"fps","projectmonthfinal",10,"transfercosts","money","YES",""
"fps","projectmonthfinal",11,"totalcost","money","YES",""
"fps","projectmonthfinal",12,"invoices","money","YES",""
"fps","projectmonthfinal",13,"coiw","money","YES",""
"fps","projectmonthfinal",14,"portsales","money","YES",""
"fps","projectmonthfinal",15,"cumcost","money","YES",""
"fps","projectmonthfinal",16,"cumprofile","money","YES",""
"fps","projectmonthfinal",17,"sumofcostprofile","money","YES",""
"fps","projectmonthfinal",18,"cuminvoices","money","YES",""
"fps","projectmonthfinal",19,"cumcoiw","money","YES",""
"fps","projectmonthfinal",20,"cumportsales","money","YES",""
"fps","projectmonthfinal",21,"mstonedue","integer","YES",""
"fps","projectmonthfinal",22,"due__done","double precision","YES",""
"fps","projectmonthfinal",23,"ontime","double precision","YES",""
"fps","projectmonthfinal",24,"sumofmstonedue","double precision","YES",""
"fps","projectmonthfinal",25,"sumofdue__done","double precision","YES",""
"fps","projectmonthfinal",26,"sumofontime","double precision","YES",""
"fps","projectmonthfinal",27,"cwdebit","money","YES",""
"fps","projectmonthfinal",28,"cwcredit","money","YES",""
"fps","projectmonthfinal",29,"cumcwdebit","money","YES",""
"fps","projectmonthfinal",30,"cumcwcredit","money","YES",""
"fps","projectmonthfinal",31,"totalhours","double precision","YES",""
"fps","projectmonthfinal",32,"cumtotalhours","double precision","YES",""
"fps","projectmonthfinal",33,"cumsubcontracts","double precision","YES",""
"fps","projectmonthfinal",34,"x","integer","YES",""
"fps","projectmonthfinal",35,"cumtestcosts","double precision","YES",""
"fps","projectmonthfinal",36,"paycosts","double precision","YES",""
"fps","projectmonthfinal",37,"cumpaycosts","double precision","YES",""
"fps","projectmonthfinal",38,"fpsyear","integer","NO",""
"fps","recreatesummaries_log",1,"id","integer","NO","nextval('fps.recreatesummaries_log_id_seq'::regclass)"
"fps","recreatesummaries_log",2,"userid","character varying","YES",""
"fps","recreatesummaries_log",3,"period","smallint","YES",""
"fps","recreatesummaries_log",4,"datedone","timestamp without time zone","YES",""
"fps","recreatesummaries_log",5,"fpsyear","integer","NO",""
"fps","resourcecentremonth",1,"resourcecentre","character varying","NO",""
"fps","resourcecentremonth",2,"monthno","integer","NO",""
"fps","resourcecentremonth",3,"payspent","money","YES",""
"fps","resourcecentremonth",4,"nonpayspent","money","YES",""
"fps","resourcecentremonth",5,"paybudget","money","YES",""
"fps","resourcecentremonth",6,"nonpaybudget","money","YES",""
"fps","resourcecentremonth",7,"spare1","money","YES",""
"fps","resourcecentremonth",8,"spare2","money","YES",""
"fps","resourcecentremonth",9,"spare3","money","YES",""
"fps","resourcecentremonth",10,"spare4","money","YES",""
"fps","resourcecentremonth",11,"spare5","money","YES",""
"fps","resourcecentremonth",12,"spare6","money","YES",""
"fps","staffjob_log",1,"sequenceno","integer","NO","nextval('fps.staffjob_log_sequenceno_seq'::regclass)"
"fps","staffjob_log",2,"staffid","character varying","NO",""
"fps","staffjob_log",3,"jobcode","character varying","NO",""
"fps","staffjob_log",4,"plannedhours","double precision","NO",""
"fps","staffjob_log",5,"date_time","timestamp without time zone","YES",""
"fps","staffjob_log",6,"user_id","character varying","YES",""
"fps","staffjob_log",7,"insert_delete","character","YES",""
"fps","staffjob_log",8,"fpsyear","integer","NO",""
"fps","tbladditionalcosts",1,"jobcode","USER-DEFINED","NO",""
"fps","tbladditionalcosts",2,"account","USER-DEFINED","NO",""
"fps","tbladditionalcosts",3,"description","character varying","NO",""
"fps","tbladditionalcosts",4,"itemcost","money","NO","0"
"fps","tbladditionalcosts",5,"freq","character varying","YES",""
"fps","tbladditionalcosts",6,"supplier","character varying","YES",""
"fps","tbladditionalcosts",7,"fpsyear","integer","NO",""
"fps","tbladminusers",1,"mnumber","character varying","NO",""
"fps","tbladminusers",2,"name","character varying","NO",""
"fps","tbladminusers",3,"seedeptincome","boolean","NO","false"
"fps","tbladminusers",4,"seedbwindow","boolean","NO","false"
"fps","tbladminusers",5,"dt2number","character varying","YES",""
"fps","tbladminusers",6,"fpsyear","integer","NO",""
"fps","tblanimalreq",1,"jobcode","USER-DEFINED","NO",""
"fps","tblanimalreq",2,"animaltype","USER-DEFINED","NO",""
"fps","tblanimalreq",3,"numberofdays","double precision","NO","0"
"fps","tblanimalreq",4,"numberofanimals","double precision","NO","0"
"fps","tblanimalreq",5,"indcounter","integer","NO","nextval('fps.tblanimalreq_indcounter_seq'::regclass)"
"fps","tblanimalreq",6,"fpsyear","integer","NO",""
"fps","tblanimals",1,"animaltype","USER-DEFINED","NO",""
"fps","tblanimals",2,"species","character varying","YES",""
"fps","tblanimals",3,"security_level","character varying","YES",""
"fps","tblanimals",4,"dailyrate","money","YES",""
"fps","tblanimals",5,"planbyweek","boolean","NO","false"
"fps","tblanimals",6,"defradailyrate","money","YES",""
"fps","tblanimals",7,"fpsyear","integer","NO",""
"fps","tblbid",1,"workgroup","USER-DEFINED","NO",""
"fps","tblbid",2,"account","USER-DEFINED","NO",""
"fps","tblbid",3,"genbid","money","NO","0"
"fps","tblbid",4,"fpsyear","integer","NO",""
"fps","tblcategory",1,"category","USER-DEFINED","NO",""
"fps","tblcbsummary",1,"cbproject","character varying","NO",""
"fps","tblcbsummary",2,"financialyear","smallint","NO",""
"fps","tblcbsummary",3,"cbprojecttitle","character varying","YES",""
"fps","tblcbsummary",4,"startdate","date","NO",""
"fps","tblcbsummary",5,"animalcost","money","YES",""
"fps","tblcbsummary",6,"testcost","money","YES",""
"fps","tblcbsummary",7,"staffcost","money","YES",""
"fps","tblcbsummary",8,"linecost","money","YES",""
"fps","tblcontract",1,"contractno","USER-DEFINED","NO",""
"fps","tblcontract",2,"category","USER-DEFINED","NO",""
"fps","tblcontract",3,"manager","character varying","YES",""
"fps","tblcontract",4,"customer","USER-DEFINED","YES",""
"fps","tblcontract",5,"title","character varying","YES",""
"fps","tblcontract",6,"registereddate","date","YES",""
"fps","tblcontract",7,"startdate","date","YES",""
"fps","tblcontract",8,"enddate","date","YES",""
"fps","tblcontract",9,"contractdoc","bytea","YES",""
"fps","tblcontract",10,"duration","integer","YES",""
"fps","tblcontract",11,"fpsyear","integer","NO",""
"fps","tblcurrentmonth",1,"currentmonth","integer","YES",""
"fps","tbldb_variables",1,"db_var_name","character varying","NO",""
"fps","tbldb_variables",2,"db_var_value","character varying","YES",""
"fps","tbldisease",1,"disease","USER-DEFINED","NO",""
"fps","tblemployee",1,"spnumber","USER-DEFINED","NO",""
"fps","tblemployee",2,"firstname","character varying","YES",""
"fps","tblemployee",3,"lastname","character varying","YES",""
"fps","tblemployee",4,"title","character varying","YES",""
"fps","tblemployee",5,"fpsyear","integer","NO",""
"fps","tblkpaccountcategory",1,"accshortname","USER-DEFINED","NO",""
"fps","tblkpaccountcategory",2,"accountdescription","character varying","YES",""
"fps","tblkpaccountcategory",3,"constituentaccountcodes","character varying","YES",""
"fps","tblkpaccountcategory",4,"accounttype","USER-DEFINED","NO",""
"fps","tblkpaccountcategory",5,"projectspecific","integer","YES",""
"fps","tblkpaccountcategory",6,"rcspecific","integer","YES",""
"fps","tblkpaccountcategory",7,"csg7_group","character","YES",""
"fps","tblkpaccountcategory",8,"fpsyear","integer","NO",""
"fps","tblkpmonth",1,"monthnumber","smallint","YES",""
"fps","tblkpmonth",2,"monthname","character varying","YES",""
"fps","tblkpplanningcategory",1,"planningcategory","USER-DEFINED","NO",""
"fps","tblkpplanningcategory",2,"plancategorydesc","character varying","YES",""
"fps","tblkpplanningcategory",3,"customergroup","character varying","YES",""
"fps","tblkpplanningcategory",4,"corporate","character varying","YES",""
"fps","tblkpplanningcategory",5,"divisional","character varying","YES",""
"fps","tblkpprofitcentre",1,"profitcentre","USER-DEFINED","NO",""
"fps","tblkpprofitcentre",2,"profitcentrename","character varying","NO",""
"fps","tblkpprofitcentre",3,"division","USER-DEFINED","NO","0"
"fps","tblkpprofitcentre",4,"conttarget","money","YES","0"
"fps","tblkpprofitcentre",5,"profitcentrehead","character varying","YES",""
"fps","tblkpprofitcentre",6,"divisionid","integer","YES","0"
"fps","tblkpprofitcentre",7,"email_recipient","character varying","YES",""
"fps","tblkpprofitcentre",8,"timesheetlayout","smallint","YES",""
"fps","tblkpprofitcentre",9,"timesheet","integer","YES",""
"fps","tblkpprofitcentre",10,"outputsheet","integer","YES",""
"fps","tblkpprofitcentre",11,"pactcoordinatoremailname","character varying","YES",""
"fps","tblkpprofitcentre",12,"highlevelsummary","bytea","YES",""
"fps","tblmtconversion",1,"oldproject","character varying","NO",""
"fps","tblmtconversion",2,"oldcode","character varying","NO",""
"fps","tblmtconversion",3,"newproject","character varying","NO",""
"fps","tblmtconversion",4,"newcode","character varying","NO",""
"fps","tblmtconversion",5,"percentage","double precision","YES",""
"fps","tblmtconversion",6,"hours","double precision","YES",""
"fps","tblpaymentschedule",1,"contract","USER-DEFINED","NO",""
"fps","tblpaymentschedule",2,"duedate","timestamp without time zone","NO",""
"fps","tblpaymentschedule",3,"paid","smallint","NO",""
"fps","tblpaymentschedule",4,"fpsyear","integer","NO",""
"fps","tblperiod",1,"periodname","character varying","NO",""
"fps","tblperiod",2,"periodtype","character varying","YES",""
"fps","tblperiod",3,"startperiod","double precision","YES",""
"fps","tblperiod",4,"endperiod","double precision","YES",""
"fps","tblperiod",5,"finalsummariesrun","smallint","YES",""
"fps","tblperiod",6,"periodlocked","smallint","NO","0"
"fps","tblperiod",7,"fpsyear","integer","NO",""
"fps","tblperiodmonth",1,"endmonth","double precision","NO",""
"fps","tblperiodmonth",2,"monthno","double precision","NO",""
"fps","tblpostmortem1report",1,"testcode","character varying","NO",""
"fps","tblpostmortem1report",2,"itemdescription","character","YES",""
"fps","tblpostmortem1report",3,"totvol","integer","YES",""
"fps","tblpostmortem1report",4,"ltunitcharge","money","YES",""
"fps","tblpostmortem1report",5,"sdunitcharge","money","YES",""
"fps","tblpostmortem1report",6,"ltfee","money","YES",""
"fps","tblpostmortem1report",7,"sdfee","money","YES",""
"fps","tblpostmortem1report",8,"total fee","money","YES",""
"fps","tblpostmortem1report",9,"fee charged","money","YES",""
"fps","tblpostmortem1report",10,"profit/loss","money","YES",""
"fps","tblpostmortem1report",11,"workgroup","character varying","YES",""
"fps","tblpurchase",1,"workgroup","USER-DEFINED","NO",""
"fps","tblpurchase",2,"account","USER-DEFINED","NO",""
"fps","tblpurchase",3,"itemdescription","character varying","NO",""
"fps","tblpurchase",4,"amount","money","NO","0"
"fps","tblpurchase",5,"fpsyear","integer","NO",""
"fps","tblsettings",1,"id","character varying","NO",""
"fps","tblsettings",2,"setting","character varying","YES",""
"fps","tblsettings",3,"notes","text","YES",""
"fps","tblsettings",4,"fpsyear","integer","NO",""
"fps","tblsettings",5,"updated_by","character varying","YES",""
"fps","tblsettings",6,"updated_at","timestamp with time zone","NO","now()"
"fps","tblstaffjob",1,"staffid","USER-DEFINED","NO",""
"fps","tblstaffjob",2,"jobcode","USER-DEFINED","NO",""
"fps","tblstaffjob",3,"plannedhours","double precision","NO","0"
"fps","tblstaffjob",4,"fpsyear","integer","NO",""
"fps","tblstagingmonthlyTime",1,"pactstaffid","USER-DEFINED","YES",""
"fps","tblstagingmonthlyTime",2,"timecode","USER-DEFINED","YES",""
"fps","tblstagingmonthlyTime",3,"parentproject","USER-DEFINED","YES",""
"fps","tblstagingmonthlyTime",4,"month","double precision","YES",""
"fps","tblstagingmonthlyTime",5,"workgroup","USER-DEFINED","YES",""
"fps","tblstagingmonthlyTime",6,"hours","USER-DEFINED","YES",""
"fps","tblstagingmonthlyTime",7,"failurecomments","USER-DEFINED","YES",""
"fps","tblstagingmonthlyTime",8,"passed","boolean","YES",""
"fps","tblstagingmonthlyTime",9,"pactid","USER-DEFINED","YES",""
"fps","tblstagingmonthlyTime",10,"newworkgroup","USER-DEFINED","YES",""
"fps","tblstagingmonthlyTime",11,"oldtestcode","USER-DEFINED","YES",""
"fps","tblstagingmonthlyTime",12,"name","USER-DEFINED","YES",""
"fps","tblstagingmonthlyoutput",1,"testcode","USER-DEFINED","NO",""
"fps","tblstagingmonthlyoutput",2,"buyer","USER-DEFINED","NO",""
"fps","tblstagingmonthlyoutput",3,"month","double precision","NO",""
"fps","tblstagingmonthlyoutput",4,"workgroup","USER-DEFINED","NO",""
"fps","tblstagingmonthlyoutput",5,"volume","double precision","YES",""
"fps","tblstagingmonthlyoutput",6,"failurecomments","USER-DEFINED","YES",""
"fps","tblstagingmonthlyoutput",7,"passed","boolean","YES",""
"fps","tblstagingpurchaselocal",1,"workgroup","USER-DEFINED","YES",""
"fps","tblstagingpurchaselocal",2,"account","USER-DEFINED","YES",""
"fps","tblstagingpurchaselocal",3,"itemdescription","character varying","YES",""
"fps","tblstagingpurchaselocal",4,"amount","money","YES",""
"fps","tblstatus",1,"status","USER-DEFINED","NO",""
"fps","tblsurvff_fees",1,"pactcode","character varying","NO",""
"fps","tblsurvff_fees",2,"owning_vic","character varying","NO",""
"fps","tblsurvff_fees",3,"received","timestamp without time zone","YES",""
"fps","tblsurvff_fees",4,"contract","character varying","NO",""
"fps","tblsurvff_fees",5,"record_id","character varying","NO",""
"fps","tblsurvff_fees",6,"volume","double precision","YES",""
"fps","tblsurvff_fees",7,"totalfee","money","YES",""
"fps","tblsurvff_fees",8,"fpsyear","integer","NO",""
"fps","tblsurvff_submissions",1,"sd_pact_wg","character varying","NO",""
"fps","tblsurvff_submissions",2,"contract","character varying","NO",""
"fps","tblsurvff_submissions",3,"countofjobname","integer","YES",""
"fps","tblsurvff_submissions",4,"fpsyear","integer","NO",""
"fps","tbltestrccost",1,"testcode","USER-DEFINED","NO",""
"fps","tbltestrccost",2,"profitcentre","USER-DEFINED","NO",""
"fps","tbltestrccost",3,"price","money","NO","0"
"fps","tbltestrccost",4,"fpsyear","integer","NO",""
"fps","tbltestreqbaseline",1,"program","character varying","NO",""
"fps","tbltestreqbaseline",2,"testcode","character varying","NO",""
"fps","tbltestreqbaseline",3,"buyer","character varying","NO",""
"fps","tbltestreqbaseline",4,"norequired","integer","YES",""
"fps","tbltestreqbaseline",5,"unitprice","money","YES",""
"fps","tbltestreqbaseline",6,"fpsyear","integer","NO",""
"fps","tbltestrequirementrccost",1,"testcode","USER-DEFINED","NO",""
"fps","tbltestrequirementrccost",2,"buyer","USER-DEFINED","NO",""
"fps","tbltestrequirementrccost",3,"profitcentre","USER-DEFINED","NO",""
"fps","tbltestrequirementrccost",4,"price","money","NO",""
"fps","tbltestrequirementrccost",5,"fpsyear","integer","NO",""
"fps","tbltestreqwg",1,"testcode","character varying","NO",""
"fps","tbltestreqwg",2,"buyer","character varying","NO",""
"fps","tbltestreqwg",3,"workgroup","character varying","NO",""
"fps","tbltestreqwg",4,"amount","integer","YES","0"
"fps","tbltestreqwg",5,"fpsyear","integer","NO",""
"fps","tbltotalbusinessoverheads",1,"totalbusinessoverheads","money","YES",""
"fps","tbltotalbusinessoverheads",2,"fpsyear","integer","NO",""
"fps","tbluser_category",1,"user_id","integer","NO",""
"fps","tbluser_category",2,"category","character varying","NO",""
"fps","tbluser_category",3,"fpsyear","integer","NO",""
"fps","tbluser_profitcentre",1,"profitcentre","character varying","NO",""
"fps","tbluser_profitcentre",2,"user_id","integer","NO",""
"fps","tbluser_profitcentre",3,"fpsyear","integer","NO",""
"fps","tbluser_program",1,"user_id","integer","NO",""
"fps","tbluser_program",2,"programno","character varying","NO",""
"fps","tbluser_program",3,"fpsyear","integer","NO",""
"fps","tbluser_projectgroup",1,"user_id","integer","NO",""
"fps","tbluser_projectgroup",2,"projectgroup","character varying","NO",""
"fps","tbluser_projectgroup",3,"fpsyear","integer","NO",""
"fps","tbluser_testowner",1,"user_id","integer","NO",""
"fps","tbluser_testowner",2,"test_owner","character varying","NO",""
"fps","tbluser_testowner",3,"fpsyear","integer","NO",""
"fps","tbluser_workgroup",1,"workgroup","character varying","NO",""
"fps","tbluser_workgroup",2,"user_id","integer","NO",""
"fps","tblusers",1,"user_id","integer","NO","nextval('fps.tblusers_user_id_seq'::regclass)"
"fps","tblusers",2,"username","character varying","YES",""
"fps","tblusers",3,"agencyid","integer","YES",""
"fps","tblusers",4,"frmwarning","boolean","NO","false"
"fps","tblusers",5,"comments","character varying","YES",""
"fps","tblusers",6,"dt2username","character varying","YES",""
"fps","tblusers",7,"useremail","character varying","YES",""
"fps","tblwgemployee",1,"pactid","USER-DEFINED","NO",""
"fps","tblwgemployee",2,"spnumber","USER-DEFINED","NO",""
"fps","tblwgemployee",3,"workgroupgrade","USER-DEFINED","NO",""
"fps","tblwgemployee",4,"personstatus","character varying","NO","'A'::character varying"
"fps","tblwgemployee",5,"personclass","character varying","YES",""
"fps","tblwgemployee",6,"hrspaid","double precision","NO",""
"fps","tblwgemployee",7,"leave","double precision","NO",""
"fps","tblwgemployee",8,"sickspecial","double precision","NO",""
"fps","tblwgemployee",9,"hrsavail","double precision","NO",""
"fps","tblwgemployee",10,"makeavailable","integer","NO","'-1'::integer"
"fps","tblwgemployee",11,"timerecorder","integer","NO","0"
"fps","tblwgemployee",12,"startdate","date","YES",""
"fps","tblwgemployee",13,"enddate","date","YES",""
"fps","tblwgemployee",14,"hoursperweek","double precision","YES",""
"fps","tblwgemployee",15,"fpsyear","integer","NO",""
"fps","tblyearmaster",1,"fpsyear","integer","NO",""
"fps","tblyearmaster",2,"fpsyearcode","character varying","NO",""
"fps","tblyearmaster",3,"yearstatus","character varying","NO",""
"fps","tblyearmaster",4,"remarks","text","YES",""
"fps","tblyearmaster",5,"active","boolean","NO","true"
"fps","tblyearmaster",6,"createdon","timestamp with time zone","NO","now()"
"fps","tblyearmaster",7,"createdby","character varying","YES",""
"fps","testorproduct",1,"itemcode","USER-DEFINED","NO",""
"fps","testorproduct",2,"itemdescription","character varying","YES",""
"fps","testorproduct",3,"testmanager","character varying","YES",""
"fps","testorproduct",4,"jobstatus","character varying","YES",""
"fps","testorproduct",5,"unitpricevla","money","YES","0"
"fps","testorproduct",6,"priceahvg","money","YES",""
"fps","testorproduct",7,"owner","character varying","YES",""
"fps","testorproduct",8,"chargemethod","character varying","YES",""
"fps","testorproduct",9,"shortdescription","character","YES",""
"fps","testorproduct",10,"defraunitprice","money","NO","0"
"fps","testorproduct",11,"fpsyear","integer","NO",""
"fps","testreq_log",1,"sequenceno","integer","NO","nextval('fps.testreq_log_sequenceno_seq'::regclass)"
"fps","testreq_log",2,"testcode","character varying","YES",""
"fps","testreq_log",3,"buyer","character varying","YES",""
"fps","testreq_log",4,"unitprice","double precision","YES",""
"fps","testreq_log",5,"norequired","integer","YES",""
"fps","testreq_log",6,"projectbuyercode","character varying","YES",""
"fps","testreq_log",7,"testbuyercode","character varying","YES",""
"fps","testreq_log",8,"active","smallint","YES",""
"fps","testreq_log",9,"date_time","timestamp without time zone","YES",""
"fps","testreq_log",10,"user_id","character varying","YES",""
"fps","testreq_log",11,"insert_delete","character","YES",""
"fps","testreq_log",12,"jobcode","character varying","YES",""
"fps","testreq_log",13,"fpsyear","integer","NO",""
"fps","timecodevalid",1,"timecode","USER-DEFINED","NO",""
"fps","timecodevalid",2,"workgroup","USER-DEFINED","NO",""
"fps","timecodevalid",3,"parentproject","USER-DEFINED","NO",""
"fps","timecodevalid",4,"testcode","character varying","YES",""
"fps","timecodevalid",5,"jobcode","character varying","YES",""
"fps","timecodevalid",6,"portfolio","character varying","YES",""
"fps","timecodevalid",7,"active","boolean","NO",""
"fps","timecodevalid",8,"fpsyear","integer","NO",""
"fps","timecostcalcs",1,"workgroup","character varying","NO",""
"fps","timecostcalcs",2,"jobcode","character varying","NO",""
"fps","timecostcalcs",3,"project","character varying","NO",""
"fps","timecostcalcs",4,"month","double precision","NO",""
"fps","timecostcalcs",5,"staffid","character varying","NO",""
"fps","timecostcalcs",6,"gradecode","character varying","YES",""
"fps","timecostcalcs",7,"name","character varying","YES",""
"fps","timecostcalcs",8,"chargerate","money","YES",""
"fps","timecostcalcs",9,"class","character varying","YES",""
"fps","timecostcalcs",10,"time","double precision","YES",""
"fps","timecostcalcs",11,"cost","double precision","YES",""
"fps","timecostcalcs",12,"division","character varying","YES",""
"fps","timecostcalcs",13,"jobcodeold","character varying","YES",""
"fps","timecostcalcs",14,"pay","money","YES",""
"fps","timecostcalcs",15,"nonpay","money","YES",""
"fps","timecostcalcs",16,"overhead","money","YES",""
"fps","timecostcalcs",17,"fpsyear","integer","NO",""
"fps","tlkpaccountcode",1,"code","USER-DEFINED","NO",""
"fps","tlkpaccountcode",2,"description","character varying","NO",""
"fps","tlkpagency",1,"agencyid","integer","NO","nextval('fps.tlkpagency_agencyid_seq'::regclass)"
"fps","tlkpagency",2,"agencyname","character varying","NO",""
"fps","tlkpcustomer",1,"customer","USER-DEFINED","NO",""
"fps","tlkpdivision",1,"divisionid","integer","YES",""
"fps","tlkpdivision",2,"agencyid","integer","NO",""
"fps","tlkpdivision",3,"divname","USER-DEFINED","NO",""
"fps","tlkpdivision",4,"centoverhead","money","YES","0"
"fps","tlkpjobcode",1,"jobcode","character varying","NO",""
"fps","tlkpjobcode",2,"parentproject","USER-DEFINED","YES",""
"fps","tlkpjobcode",3,"jobcodeworkgroup","character varying","YES",""
"fps","tlkpjobcode",4,"newprog","character varying","YES",""
"fps","tlkpjobcode",5,"type","character varying","YES",""
"fps","tlkpjobcode",6,"jobcodename","character varying","YES",""
"fps","tlkpjobcode",7,"fpsyear","integer","NO",""
"fps","tlkpmanager",1,"manager","character varying","NO",""
"fps","tlkpmanager",2,"title","character varying","YES",""
"fps","tlkpmanager",3,"workgroup","character varying","NO",""
"fps","tlkpmanager",4,"gradecode","character varying","NO",""
"fps","tlkpmanager",5,"fpsyear","integer","NO",""
"fps","tlkpmonth",1,"monthnumber","smallint","YES",""
"fps","tlkpmonth",2,"monthname","character varying","YES",""
"fps","tlkpmonth",3,"accntsperiod","smallint","YES",""
"fps","tlkpmonth",4,"fquarter","smallint","YES",""
"fps","tlkpmonthhours",1,"year","smallint","NO",""
"fps","tlkpmonthhours",2,"month","smallint","NO",""
"fps","tlkpmonthhours",3,"days","numeric","YES",""
"fps","tlkpmonthhours",4,"cvlhours","numeric","YES",""
"fps","tlkpmonthhours",5,"vidhours","numeric","YES",""
"fps","tlkpmonthhours",6,"fmonth","smallint","YES",""
"fps","tlkpmonthhours",7,"fpsyear","integer","NO",""
"fps","tlkpprogram",1,"programno","USER-DEFINED","NO",""
"fps","tlkpprogram",2,"programname","character varying","YES",""
"fps","tlkpprogram",3,"directorate","character varying","YES",""
"fps","tlkpprogram",4,"minim","character varying","YES",""
"fps","tlkpprogram",5,"sector_name","character varying","YES","'Charge'::character varying"
"fps","tlkpprogram",6,"customer","character varying","YES",""
"fps","tlkpprogram",7,"target","money","YES","0"
"fps","tlkpprogram",8,"manager","character varying","YES",""
"fps","tlkpprogram",9,"fpsyear","integer","NO",""
"fps","tlkpproject",1,"parentproject","USER-DEFINED","NO",""
"fps","tlkpproject",2,"projecttitle","character varying","NO",""
"fps","tlkpproject",3,"program","USER-DEFINED","NO",""
"fps","tlkpproject",4,"customer","USER-DEFINED","NO",""
"fps","tlkpproject",5,"manager","character varying","YES",""
"fps","tlkpproject",6,"transferincome","money","NO",""
"fps","tlkpproject",7,"custincome","money","NO",""
"fps","tlkpproject",8,"wip_eoy","money","YES","0"
"fps","tlkpproject",9,"wip_limit","money","YES",""
"fps","tlkpproject",10,"wip_current","money","YES",""
"fps","tlkpproject",11,"projectstatus","USER-DEFINED","NO",""
"fps","tlkpproject",12,"costbookno","character varying","YES",""
"fps","tlkpproject",13,"datecreated","timestamp without time zone","YES","CURRENT_TIMESTAMP"
"fps","tlkpproject",14,"feccost","money","YES","0"
"fps","tlkpproject",15,"profit","money","YES","0"
"fps","tlkpproject",16,"budget_cvl","money","YES","0"
"fps","tlkpproject",17,"datecosted","timestamp without time zone","YES",""
"fps","tlkpproject",18,"disease","USER-DEFINED","NO",""
"fps","tlkpproject",19,"contract","USER-DEFINED","NO","0"
"fps","tlkpproject",20,"projectparent","character varying","YES",""
"fps","tlkpproject",21,"shorttitle","character varying","YES",""
"fps","tlkpproject",22,"caseworksub","numeric","YES",""
"fps","tlkpproject",23,"pvsincome","money","YES",""
"fps","tlkpproject",24,"plancaseworkdebit","money","YES",""
"fps","tlkpproject",25,"finished","smallint","YES","0"
"fps","tlkpproject",26,"owningrc","character varying","YES",""
"fps","tlkpproject",27,"comments","text","YES",""
"fps","tlkpproject",28,"carryover","money","YES",""
"fps","tlkpproject",29,"carryoverseed","money","YES",""
"fps","tlkpproject",30,"isdefraproject","smallint","NO",""
"fps","tlkpproject",31,"costcentre","double precision","YES",""
"fps","tlkpproject",32,"oracleprojectcode","character varying","YES",""
"fps","tlkpproject",33,"subaccountcode","USER-DEFINED","YES",""
"fps","tlkpproject",34,"projectgroup","USER-DEFINED","YES",""
"fps","tlkpproject",35,"incomeaccountcode","USER-DEFINED","NO",""
"fps","tlkpproject",36,"fpsyear","integer","NO",""
"fps","tlkpprojectgroup",1,"projectgroup","USER-DEFINED","NO",""
"fps","tlkpprojectgroup",2,"fpsyear","integer","NO",""
"fps","tlkpsubaccount",1,"subaccountcode","USER-DEFINED","NO",""
"fps","tlkpsubaccount",2,"subaccount","character varying","YES",""
"fps","tlkptestcapability",1,"testcode","USER-DEFINED","NO",""
"fps","tlkptestcapability",2,"workgroup","USER-DEFINED","NO",""
"fps","tlkptestcapability",3,"planportfolio","USER-DEFINED","NO",""
"fps","tlkptestcapability",4,"unitcost","money","YES","0"
"fps","tlkptestcapability",5,"predoutturn","double precision","YES","0"
"fps","tlkptestcapability",6,"sop","character varying","YES",""
"fps","tlkptestcapability",7,"smscode","character varying","YES",""
"fps","tlkptestcapability",8,"fpsyear","integer","NO",""
"fps","tlkptestreqmt",1,"testcode","USER-DEFINED","NO",""
"fps","tlkptestreqmt",2,"buyer","USER-DEFINED","NO",""
"fps","tlkptestreqmt",3,"unitprice","money","YES",""
"fps","tlkptestreqmt",4,"norequired","double precision","YES",""
"fps","tlkptestreqmt",5,"projectbuyercode","character varying","YES",""
"fps","tlkptestreqmt",6,"testbuyercode","character varying","YES",""
"fps","tlkptestreqmt",7,"datecreated","timestamp without time zone","YES","CURRENT_TIMESTAMP"
"fps","tlkptestreqmt",8,"active","smallint","YES","1"
"fps","tlkptestreqmt",9,"fpsyear","integer","NO",""
"fps","tlkpversion",1,"version","integer","YES",""
"fps","tlkpversion",2,"x","bytea","YES",""
"fps","tlkpversion",3,"islive","integer","YES",""
"fps","workgroup",1,"workgroup","USER-DEFINED","NO",""
"fps","workgroup",2,"profitcentre","USER-DEFINED","NO",""
"fps","workgroup",3,"costcentre","double precision","YES",""
"fps","workgroup",4,"owner","character varying","YES",""
"fps","workgroup",5,"description","character varying","YES",""
"fps","workgroup",6,"centraloverhead","money","YES","0"
"fps","workgroup",7,"sendemail","smallint","YES",""
"fps","workgroup",8,"cos90","smallint","YES",""
"fps","workgroup",9,"costcentreold","double precision","YES",""
"fps","workgroup",10,"email_recipient","character varying","YES",""
"fps","workgroup",11,"fpsyear","integer","NO",""
"fps","workgroupgrade",1,"wggrade","USER-DEFINED","NO",""
"fps","workgroupgrade",2,"profitcentregrade","USER-DEFINED","NO",""
"fps","workgroupgrade",3,"gradecode","USER-DEFINED","NO",""
"fps","workgroupgrade",4,"workgroup","USER-DEFINED","NO",""
"fps","workgroupgrade",5,"chargeratewg","money","YES",""
"fps","workgroupgrade",6,"directratewg","money","YES","0"
"fps","workgroupgrade",7,"payratewg","money","YES","0"
"fps","workgroupgrade",8,"nprwg","money","YES","0"
"fps","workgroupgrade",9,"ohrwg","money","YES","0"
"fps","workgroupgrade",10,"avsalary","money","YES","0"
"fps","workgroupgrade",11,"hrschangedby","character varying","YES",""
"fps","workgroupgrade",12,"fpsyear","integer","NO",""
"fps","workgroupmonth",1,"workgroup","character varying","NO",""
"fps","workgroupmonth",2,"month","double precision","NO",""
"fps","workgroupmonth",3,"runningcost","money","NO",""
"fps","workgroupmonth",4,"runcostprofile","money","NO",""
"fps","workgroupmonth",5,"fpsyear","integer","NO",""
"mabarchive","g_tlkpproject",1,"parentproject","character varying","NO",""
"mabarchive","g_tlkpproject",2,"projecttitle","character varying","YES",""
"mabarchive","g_tlkpproject",3,"costbookno","character varying","YES",""
"mabarchive","g_tlkpproject",4,"disease","character varying","YES",""
"mabarchive","g_tlkpproject",5,"contract","character varying","YES",""
"mabarchive","g_tlkpproject",6,"shorttitle","character varying","YES",""
"mabarchive","g_tlkpproject",7,"projectstatus","character varying","YES",""
"mabarchive","g_tlkpproject_radtrackdata",1,"parentproject","character varying","NO",""
"mabarchive","g_tlkpproject_radtrackdata",2,"version","character varying","YES",""
"mabarchive","g_tlkpproject_radtrackdata",3,"fileref","character varying","YES",""
"mabarchive","g_tlkpproject_radtrackdata",4,"customerref","character varying","YES",""
"mabarchive","g_tlkpproject_radtrackdata",5,"startdate","date","YES",""
"mabarchive","g_tlkpproject_radtrackdata",6,"enddate","date","YES",""
"mabarchive","g_tlkpproject_radtrackdata",7,"finalreportreceived","date","YES",""
"mabarchive","g_tlkpproject_radtrackdata",8,"finalreportsent","date","YES",""
"mabarchive","g_tlkpproject_radtrackdata",9,"inflation","smallint","YES","0"
"mabarchive","g_tlkpproject_radtrackdata",10,"closeddate","date","YES",""
"mabarchive","g_tlkpproject_radtrackdata",11,"useprojectyear","smallint","NO","0"
"mabarchive","g_tlkpproject_radtrackdata",12,"status","character varying","YES",""
"mabarchive","g_tlkpproject_radtrackdata",13,"pcforecastspend","double precision","YES",""
"mabarchive","g_tlkpproject_radtrackdata",14,"riskid","integer","YES",""
"mabarchive","g_tlkpproject_radtrackdata",15,"costbooknumber","character varying","YES",""
"mabarchive","g_tlkpproject_radtrackdata",16,"revisedenddate","date","YES",""
"mabarchive","g_tlkpproject_radtrackdata",17,"formrequired","boolean","NO","true"
"mabarchive","g_tlkpproject_radtrackdata",18,"overallcustincome","money","YES",""
"mabarchive","my_fpsyeartotals",1,"year","smallint","NO",""
"mabarchive","my_fpsyeartotals",2,"parentproject","character varying","NO",""
"mabarchive","my_fpsyeartotals",3,"program","character varying","NO",""
"mabarchive","my_fpsyeartotals",4,"totaladditionalcosts","money","YES",""
"mabarchive","my_fpsyeartotals",5,"totalanimalcosts","double precision","YES",""
"mabarchive","my_fpsyeartotals",6,"totalstaffcosts","double precision","YES",""
"mabarchive","my_fpsyeartotals",7,"totaltestcosts","double precision","YES",""
"mabarchive","my_fpsyeartotals",8,"totalcosts","double precision","YES",""
"mabarchive","my_fpsyeartotals",9,"custincome","money","NO",""
"mabarchive","my_fpsyeartotals",10,"transferincome","money","NO",""
"mabarchive","my_fpsyeartotals",11,"totalincome","money","NO",""
"mabarchive","my_fpsyeartotals",12,"budget_cvl","money","YES",""
"mabarchive","my_fpsyeartotals",13,"requiredprofit","money","YES",""
"mabarchive","my_fpsyeartotals",14,"manager","character varying","YES",""
"mabarchive","my_fpsyeartotals",15,"customer","character varying","YES",""
"mabarchive","my_fpsyeartotals",16,"projectstatus","character varying","NO",""
"mabarchive","my_fpsyeartotals",17,"pvsincome","money","YES",""
"mabarchive","my_fpsyeartotals",18,"plancaseworkdebit","money","YES",""
"mabarchive","my_fpsyeartotals",19,"totalpaycosts","double precision","YES",""
"mabarchive","my_milestoneformdates",1,"year","smallint","NO",""
"mabarchive","my_milestoneformdates",2,"parentproject","character varying","NO",""
"mabarchive","my_milestoneformdates",3,"jan","timestamp without time zone","YES",""
"mabarchive","my_milestoneformdates",4,"feb","timestamp without time zone","YES",""
"mabarchive","my_milestoneformdates",5,"mar","timestamp without time zone","YES",""
"mabarchive","my_milestoneformdates",6,"apr","timestamp without time zone","YES",""
"mabarchive","my_milestoneformdates",7,"may","timestamp without time zone","YES",""
"mabarchive","my_milestoneformdates",8,"jun","timestamp without time zone","YES",""
"mabarchive","my_milestoneformdates",9,"jul","timestamp without time zone","YES",""
"mabarchive","my_milestoneformdates",10,"aug","timestamp without time zone","YES",""
"mabarchive","my_milestoneformdates",11,"sep","timestamp without time zone","YES",""
"mabarchive","my_milestoneformdates",12,"oct","timestamp without time zone","YES",""
"mabarchive","my_milestoneformdates",13,"nov","timestamp without time zone","YES",""
"mabarchive","my_milestoneformdates",14,"dec","timestamp without time zone","YES",""
"mabarchive","my_monthlyoutput",1,"year","smallint","NO",""
"mabarchive","my_monthlyoutput",2,"testcode","character varying","NO",""
"mabarchive","my_monthlyoutput",3,"buyer","character varying","NO",""
"mabarchive","my_monthlyoutput",4,"month","double precision","NO",""
"mabarchive","my_monthlyoutput",5,"workgroup","character varying","NO",""
"mabarchive","my_monthlyoutput",6,"volume","double precision","YES",""
"mabarchive","my_monthlyoutput",7,"wgbuyer","character varying","YES",""
"mabarchive","my_monthlytime",1,"year","smallint","NO",""
"mabarchive","my_monthlytime",2,"pactstaffid","character varying","NO",""
"mabarchive","my_monthlytime",3,"timecode","character varying","NO",""
"mabarchive","my_monthlytime",4,"month","double precision","NO",""
"mabarchive","my_monthlytime",5,"parentproject","character varying","NO",""
"mabarchive","my_monthlytime",6,"workgroup","character varying","YES",""
"mabarchive","my_monthlytime",7,"hours","double precision","YES",""
"mabarchive","my_profitcentregrade",1,"year","integer","NO",""
"mabarchive","my_profitcentregrade",2,"pcgrade","character varying","NO",""
"mabarchive","my_profitcentregrade",3,"divisiongrade","character varying","NO",""
"mabarchive","my_profitcentregrade",4,"gradecode","character varying","NO",""
"mabarchive","my_profitcentregrade",5,"profitcentre","character varying","NO",""
"mabarchive","my_profitcentregrade",6,"chargerate","money","YES",""
"mabarchive","my_profitcentregrade",7,"directrate","money","YES",""
"mabarchive","my_profitcentregrade",8,"payrate","money","YES",""
"mabarchive","my_profitcentregrade",9,"npr","money","YES",""
"mabarchive","my_profitcentregrade",10,"ohr","money","YES",""
"mabarchive","my_proj_invoice",1,"year","smallint","NO",""
"mabarchive","my_proj_invoice",2,"projectparent","character varying","NO",""
"mabarchive","my_proj_invoice",3,"month","integer","YES",""
"mabarchive","my_proj_invoice",4,"amount","money","YES",""
"mabarchive","my_proj_invoice",5,"costofwork","money","YES",""
"mabarchive","my_proj_invoice",6,"wip","money","YES",""
"mabarchive","my_proj_invoice",7,"profitloss","money","YES",""
"mabarchive","my_proj_invoice",8,"detail","character varying","YES",""
"mabarchive","my_proj_invoice",9,"invoicecounter","integer","NO",""
"mabarchive","my_proj_invoice",10,"type","character varying","YES",""
"mabarchive","my_proj_subcontract",1,"year","smallint","NO",""
"mabarchive","my_proj_subcontract",2,"subcontcounter","integer","NO",""
"mabarchive","my_proj_subcontract",3,"project","character varying","YES",""
"mabarchive","my_proj_subcontract",4,"testjob","character varying","YES",""
"mabarchive","my_proj_subcontract",5,"month","real","YES",""
"mabarchive","my_proj_subcontract",6,"amount","money","YES",""
"mabarchive","my_proj_subcontract",7,"workgroup","character varying","YES",""
"mabarchive","my_proj_subcontract",8,"acctcode","character varying","YES",""
"mabarchive","my_proj_subcontract",9,"supplier","character varying","YES",""
"mabarchive","my_proj_subcontract",10,"description","character varying","YES",""
"mabarchive","my_proj_subcontract",11,"suppliernumber","integer","YES",""
"mabarchive","my_proj_subcontract",12,"dailyrate","money","YES",""
"mabarchive","my_proj_subcontract",13,"animaldays","integer","YES",""
"mabarchive","my_projectmonthfinal",1,"year","smallint","NO",""
"mabarchive","my_projectmonthfinal",2,"project","character varying","NO",""
"mabarchive","my_projectmonthfinal",3,"monthno","double precision","NO",""
"mabarchive","my_projectmonthfinal",4,"periodname","character varying","YES",""
"mabarchive","my_projectmonthfinal",5,"cumflag","double precision","YES",""
"mabarchive","my_projectmonthfinal",6,"costprofile","money","YES",""
"mabarchive","my_projectmonthfinal",7,"subcontracts","money","YES",""
"mabarchive","my_projectmonthfinal",8,"animals","money","YES",""
"mabarchive","my_projectmonthfinal",9,"nonanimals","money","YES",""
"mabarchive","my_projectmonthfinal",10,"timecosts","money","YES",""
"mabarchive","my_projectmonthfinal",11,"transfercosts","money","YES",""
"mabarchive","my_projectmonthfinal",12,"totalcost","money","YES",""
"mabarchive","my_projectmonthfinal",13,"invoices","money","YES",""
"mabarchive","my_projectmonthfinal",14,"coiw","money","YES",""
"mabarchive","my_projectmonthfinal",15,"portsales","money","YES",""
"mabarchive","my_projectmonthfinal",16,"cumcost","money","YES",""
"mabarchive","my_projectmonthfinal",17,"cumprofile","money","YES",""
"mabarchive","my_projectmonthfinal",18,"sumofcostprofile","money","YES",""
"mabarchive","my_projectmonthfinal",19,"cuminvoices","money","YES",""
"mabarchive","my_projectmonthfinal",20,"cumcoiw","money","YES",""
"mabarchive","my_projectmonthfinal",21,"cumportsales","money","YES",""
"mabarchive","my_projectmonthfinal",22,"mstonedue","integer","YES",""
"mabarchive","my_projectmonthfinal",23,"due__done","double precision","YES",""
"mabarchive","my_projectmonthfinal",24,"ontime","double precision","YES",""
"mabarchive","my_projectmonthfinal",25,"sumofmstonedue","double precision","YES",""
"mabarchive","my_projectmonthfinal",26,"sumofdue__done","double precision","YES",""
"mabarchive","my_projectmonthfinal",27,"sumofontime","double precision","YES",""
"mabarchive","my_projectmonthfinal",28,"cwdebit","money","YES",""
"mabarchive","my_projectmonthfinal",29,"cwcredit","money","YES",""
"mabarchive","my_projectmonthfinal",30,"cumcwdebit","money","YES",""
"mabarchive","my_projectmonthfinal",31,"cumcwcredit","money","YES",""
"mabarchive","my_projectmonthfinal",32,"totalhours","double precision","YES",""
"mabarchive","my_projectmonthfinal",33,"cumtotalhours","double precision","YES",""
"mabarchive","my_projectmonthfinal",34,"cumsubcontracts","double precision","YES",""
"mabarchive","my_projectmonthfinal",35,"cumtestcosts","double precision","YES",""
"mabarchive","my_projectmonthfinal",36,"paycosts","double precision","YES",""
"mabarchive","my_projectmonthfinal",37,"cumpaycosts","double precision","YES",""
"mabarchive","my_radtrack_reports",1,"year","smallint","NO",""
"mabarchive","my_radtrack_reports",2,"project","character varying","NO",""
"mabarchive","my_radtrack_reports",3,"type","character varying","NO",""
"mabarchive","my_radtrack_reports",4,"reminder1","date","YES",""
"mabarchive","my_radtrack_reports",5,"reminder2","date","YES",""
"mabarchive","my_radtrack_reports",6,"replyreceived","date","YES",""
"mabarchive","my_radtrack_reports",7,"senttoprogmanager","date","YES",""
"mabarchive","my_radtrack_reports",8,"senttoprojleader","date","YES",""
"mabarchive","my_radtrack_reports",9,"emailedtocustomer","date","YES",""
"mabarchive","my_radtrack_reports",10,"signedcopytocustomer","date","YES",""
"mabarchive","my_radtrack_reports",11,"repduedate","date","YES",""
"mabarchive","my_radtrack_reports",12,"id","integer","NO","nextval('mabarchive.my_radtrack_reports_id_seq'::regclass)"
"mabarchive","my_radtrack_reports",13,"reportagreeddate","date","YES",""
"mabarchive","my_staff",1,"year","smallint","NO",""
"mabarchive","my_staff",2,"staffid","character varying","NO",""
"mabarchive","my_staff",3,"workgroupgrade","character varying","NO",""
"mabarchive","my_staff",4,"name","character varying","NO",""
"mabarchive","my_staff",5,"title","character varying","YES",""
"mabarchive","my_staff",6,"personstatus","character varying","YES",""
"mabarchive","my_staff",7,"personclass","character varying","YES",""
"mabarchive","my_staff",8,"hrspaid","double precision","YES",""
"mabarchive","my_staff",9,"leave","double precision","YES",""
"mabarchive","my_staff",10,"sickspecial","double precision","YES",""
"mabarchive","my_staff",11,"hrsavail","double precision","YES",""
"mabarchive","my_tbladditionalcosts",1,"year","smallint","NO",""
"mabarchive","my_tbladditionalcosts",2,"jobcode","character varying","NO",""
"mabarchive","my_tbladditionalcosts",3,"account","character varying","NO",""
"mabarchive","my_tbladditionalcosts",4,"description","character varying","NO",""
"mabarchive","my_tbladditionalcosts",5,"itemcost","money","NO",""
"mabarchive","my_tbladditionalcosts",6,"freq","character varying","YES",""
"mabarchive","my_tbladditionalcosts",7,"supplier","character varying","YES",""
"mabarchive","my_tbladditionalcosts",8,"ac_counter","integer","NO",""
"mabarchive","my_tbladditionalcosts_old",1,"Year","smallint","NO",""
"mabarchive","my_tbladditionalcosts_old",2,"JobCode","character varying","NO",""
"mabarchive","my_tbladditionalcosts_old",3,"Account","character varying","NO",""
"mabarchive","my_tbladditionalcosts_old",4,"Description","character varying","NO",""
"mabarchive","my_tbladditionalcosts_old",5,"ItemCost","money","NO",""
"mabarchive","my_tbladditionalcosts_old",6,"Freq","character varying","YES",""
"mabarchive","my_tbladditionalcosts_old",7,"Supplier","character varying","YES",""
"mabarchive","my_tbladditionalcosts_old",8,"AC_Counter","integer","NO","nextval('mabarchive.my_tbladditionalcosts_ac_counter_seq'::regclass)"
"mabarchive","my_tblanimalreq",1,"year","smallint","NO",""
"mabarchive","my_tblanimalreq",2,"jobcode","character varying","NO",""
"mabarchive","my_tblanimalreq",3,"animaltype","character varying","NO",""
"mabarchive","my_tblanimalreq",4,"numberofdays","double precision","NO",""
"mabarchive","my_tblanimalreq",5,"numberofanimals","double precision","NO",""
"mabarchive","my_tblanimalreq",6,"ar_counter","integer","NO","nextval('mabarchive.my_tblanimalreq_ar_counter_seq'::regclass)"
"mabarchive","my_tblanimals",1,"year","smallint","NO",""
"mabarchive","my_tblanimals",2,"animaltype","character varying","NO",""
"mabarchive","my_tblanimals",3,"species","character varying","YES",""
"mabarchive","my_tblanimals",4,"security_level","character varying","YES",""
"mabarchive","my_tblanimals",5,"dailyrate","money","YES",""
"mabarchive","my_tblanimals",6,"planbyweek","boolean","YES",""
"mabarchive","my_tblanimals",7,"defradailyrate","money","YES",""
"mabarchive","my_tblcontract",1,"year","smallint","NO",""
"mabarchive","my_tblcontract",2,"contractno","character varying","NO",""
"mabarchive","my_tblcontract",3,"category","character varying","NO",""
"mabarchive","my_tblcontract",4,"manager","character varying","YES",""
"mabarchive","my_tblcontract",5,"customer","character varying","YES",""
"mabarchive","my_tblcontract",6,"title","character varying","YES",""
"mabarchive","my_tblcontract",7,"registereddate","date","YES",""
"mabarchive","my_tblcontract",8,"startdate","date","YES",""
"mabarchive","my_tblcontract",9,"enddate","date","YES",""
"mabarchive","my_tblcontract",10,"contractdoc","bytea","YES",""
"mabarchive","my_tblcontract",11,"duration","integer","YES",""
"mabarchive","my_tblprofitcentre",1,"year","smallint","NO",""
"mabarchive","my_tblprofitcentre",2,"profitcentre","character varying","NO",""
"mabarchive","my_tblprofitcentre",3,"profitcentrename","character varying","NO",""
"mabarchive","my_tblprofitcentre",4,"division","character varying","NO",""
"mabarchive","my_tblprofitcentre",5,"conttarget","money","YES",""
"mabarchive","my_tblprofitcentre",6,"profitcentrehead","character varying","YES",""
"mabarchive","my_tblprofitcentre",7,"divisionid","integer","YES",""
"mabarchive","my_tblstaffjob",1,"year","smallint","NO",""
"mabarchive","my_tblstaffjob",2,"staffid","character varying","NO",""
"mabarchive","my_tblstaffjob",3,"jobcode","character varying","NO",""
"mabarchive","my_tblstaffjob",4,"plannedhours","double precision","NO",""
"mabarchive","my_tblstaffjob",5,"systimestamp","bytea","YES",""
"mabarchive","my_testorproduct",1,"year","smallint","NO",""
"mabarchive","my_testorproduct",2,"itemcode","character varying","NO",""
"mabarchive","my_testorproduct",3,"itemdescription","character varying","YES",""
"mabarchive","my_testorproduct",4,"testmanager","character varying","YES",""
"mabarchive","my_testorproduct",5,"jobstatus","character varying","YES",""
"mabarchive","my_testorproduct",6,"unitpricevla","money","YES",""
"mabarchive","my_testorproduct",7,"priceahvg","money","YES",""
"mabarchive","my_testorproduct",8,"owner","character varying","YES",""
"mabarchive","my_testorproduct",9,"chargemethod","character varying","YES",""
"mabarchive","my_testorproduct",10,"shortdescription","character","YES",""
"mabarchive","my_testorproduct",11,"defraunitprice","money","YES",""
"mabarchive","my_timecostcalcs",1,"year","smallint","NO",""
"mabarchive","my_timecostcalcs",2,"workgroup","character varying","NO",""
"mabarchive","my_timecostcalcs",3,"jobcode","character varying","NO",""
"mabarchive","my_timecostcalcs",4,"project","character varying","NO",""
"mabarchive","my_timecostcalcs",5,"month","double precision","NO",""
"mabarchive","my_timecostcalcs",6,"staffid","character varying","NO",""
"mabarchive","my_timecostcalcs",7,"gradecode","character varying","YES",""
"mabarchive","my_timecostcalcs",8,"name","character varying","YES",""
"mabarchive","my_timecostcalcs",9,"chargerate","money","YES",""
"mabarchive","my_timecostcalcs",10,"class","character varying","YES",""
"mabarchive","my_timecostcalcs",11,"time","double precision","YES",""
"mabarchive","my_timecostcalcs",12,"cost","double precision","YES",""
"mabarchive","my_timecostcalcs",13,"division","character varying","YES",""
"mabarchive","my_timecostcalcs",14,"jobcodeold","character varying","YES",""
"mabarchive","my_timecostcalcs",15,"pay","money","YES",""
"mabarchive","my_timecostcalcs",16,"nonpay","money","YES",""
"mabarchive","my_timecostcalcs",17,"overhead","money","YES",""
"mabarchive","my_tlkpprogram",1,"year","smallint","NO",""
"mabarchive","my_tlkpprogram",2,"programno","character varying","NO",""
"mabarchive","my_tlkpprogram",3,"programname","character varying","YES",""
"mabarchive","my_tlkpprogram",4,"directorate","character varying","YES",""
"mabarchive","my_tlkpprogram",5,"minim","character varying","YES",""
"mabarchive","my_tlkpprogram",6,"sector_name","character varying","YES",""
"mabarchive","my_tlkpprogram",7,"customer","character varying","YES",""
"mabarchive","my_tlkpprogram",8,"target","money","YES",""
"mabarchive","my_tlkpprogram",9,"manager","character varying","YES",""
"mabarchive","my_tlkpproject",1,"year","smallint","NO",""
"mabarchive","my_tlkpproject",2,"parentproject","character varying","NO",""
"mabarchive","my_tlkpproject",3,"program","character varying","YES",""
"mabarchive","my_tlkpproject",4,"customer","character varying","YES",""
"mabarchive","my_tlkpproject",5,"manager","character varying","YES",""
"mabarchive","my_tlkpproject",6,"transferincome","money","YES",""
"mabarchive","my_tlkpproject",7,"custincome","money","YES",""
"mabarchive","my_tlkpproject",8,"wip_eoy","money","YES",""
"mabarchive","my_tlkpproject",9,"wip_limit","money","YES",""
"mabarchive","my_tlkpproject",10,"wip_current","money","YES",""
"mabarchive","my_tlkpproject",11,"projectstatus","character varying","YES",""
"mabarchive","my_tlkpproject",12,"datecreated","timestamp without time zone","YES",""
"mabarchive","my_tlkpproject",13,"feccost","money","YES",""
"mabarchive","my_tlkpproject",14,"profit","money","YES",""
"mabarchive","my_tlkpproject",15,"budget_cvl","money","YES",""
"mabarchive","my_tlkpproject",16,"caseworksub","numeric","YES",""
"mabarchive","my_tlkpproject",17,"pvsincome","money","YES",""
"mabarchive","my_tlkpproject",18,"plancaseworkdebit","money","YES",""
"mabarchive","my_tlkpproject",19,"source","character","YES",""
"mabarchive","my_tlkpproject",20,"disease","character varying","YES",""
"mabarchive","my_tlkpproject",21,"contract","character varying","YES",""
"mabarchive","my_tlkpproject",22,"finished","smallint","YES",""
"mabarchive","my_tlkpproject",23,"comments","text","YES",""
"mabarchive","my_tlkpproject",24,"carryover","money","YES",""
"mabarchive","my_tlkpproject",25,"isdefraproject","smallint","YES",""
"mabarchive","my_tlkpproject",26,"costcentre","double precision","YES",""
"mabarchive","my_tlkpproject",27,"oracleprojectcode","character varying","YES",""
"mabarchive","my_tlkpproject",28,"subaccountcode","character varying","YES",""
"mabarchive","my_tlkpproject",29,"projectgroup","character varying","YES",""
"mabarchive","my_tlkpproject",30,"incomeaccountcode","character varying","YES",""
"mabarchive","my_tlkpproject_all",1,"year","smallint","NO",""
"mabarchive","my_tlkpproject_all",2,"parentproject","character varying","NO",""
"mabarchive","my_tlkpproject_all",3,"program","character varying","YES",""
"mabarchive","my_tlkpproject_all",4,"customer","character varying","YES",""
"mabarchive","my_tlkpproject_all",5,"manager","character varying","YES",""
"mabarchive","my_tlkpproject_all",6,"transferincome","money","YES",""
"mabarchive","my_tlkpproject_all",7,"custincome","money","YES",""
"mabarchive","my_tlkpproject_all",8,"wip_eoy","money","YES",""
"mabarchive","my_tlkpproject_all",9,"wip_limit","money","YES",""
"mabarchive","my_tlkpproject_all",10,"wip_current","money","YES",""
"mabarchive","my_tlkpproject_all",11,"projectstatus","character varying","YES",""
"mabarchive","my_tlkpproject_all",12,"datecreated","date","YES",""
"mabarchive","my_tlkpproject_all",13,"feccost","money","YES",""
"mabarchive","my_tlkpproject_all",14,"profit","money","YES",""
"mabarchive","my_tlkpproject_all",15,"budget_cvl","money","YES",""
"mabarchive","my_tlkpproject_all",16,"caseworksub","numeric","YES",""
"mabarchive","my_tlkpproject_all",17,"pvsincome","money","YES",""
"mabarchive","my_tlkpproject_all",18,"plancaseworkdebit","money","YES",""
"mabarchive","my_tlkpproject_all",19,"source","character","YES",""
"mabarchive","my_tlkpproject_all",20,"disease","character varying","YES",""
"mabarchive","my_tlkpproject_all",21,"contract","character varying","YES",""
"mabarchive","my_tlkpproject_all",22,"finished","smallint","YES",""
"mabarchive","my_tlkpproject_all",23,"comments","text","YES",""
"mabarchive","my_tlkpproject_all",24,"carryover","money","YES",""
"mabarchive","my_tlkpproject_all",25,"isdefraproject","smallint","YES",""
"mabarchive","my_tlkpproject_all",26,"costcentre","double precision","YES",""
"mabarchive","my_tlkpproject_all",27,"oracleprojectcode","character varying","YES",""
"mabarchive","my_tlkpproject_all",28,"subaccountcode","character varying","YES",""
"mabarchive","my_tlkpproject_all",29,"projectgroup","character varying","YES",""
"mabarchive","my_tlkpproject_all",30,"incomeaccountcode","character varying","YES",""
"mabarchive","my_tlkpprojectradtrackdata",1,"year","smallint","NO",""
"mabarchive","my_tlkpprojectradtrackdata",2,"project","character varying","NO",""
"mabarchive","my_tlkpprojectradtrackdata",3,"bfbudget","money","YES",""
"mabarchive","my_tlkpprojectradtrackdata",4,"pybudget","money","YES",""
"mabarchive","my_tlkpprojectradtrackdata",5,"seedcorn","money","YES",""
"mabarchive","my_tlkpprojectradtrackdata",6,"manhours","double precision","YES",""
"mabarchive","my_tlkpprojectradtrackdata",7,"mandays","double precision","YES",""
"mabarchive","my_tlkpprojectradtrackdata",8,"manyears","double precision","YES",""
"mabarchive","my_tlkpprojectradtrackdata",9,"paycosts","money","YES",""
"mabarchive","my_tlkpprojectradtrackdata",10,"nonpayohcosts","money","YES",""
"mabarchive","my_tlkpprojectradtrackdata",11,"testcosts","money","YES",""
"mabarchive","my_tlkpprojectradtrackdata",12,"animalcosts","money","YES",""
"mabarchive","my_tlkpprojectradtrackdata",13,"nonanimalcosts","money","YES",""
"mabarchive","my_tlkpprojectradtrackdata",14,"manhourschanged","smallint","YES","0"
"mabarchive","my_tlkpprojectradtrackdata",15,"paycostschanged","smallint","YES","0"
"mabarchive","my_tlkpprojectradtrackdata",16,"nonpayohcostschanged","smallint","YES","0"
"mabarchive","my_tlkpprojectradtrackdata",17,"testcostschanged","smallint","YES","0"
"mabarchive","my_tlkpprojectradtrackdata",18,"animalcostschanged","smallint","YES","0"
"mabarchive","my_tlkpprojectradtrackdata",19,"nonanimalcostschanged","smallint","YES","0"
"mabarchive","my_tlkpprojectradtrackdata",20,"adjustment","money","YES",""
"mabarchive","my_tlkpprojectradtrackdata",21,"adjustmentcomment","character varying","YES",""
"mabarchive","my_tlkpprojectradtrackdata",22,"locked","smallint","YES","0"
"mabarchive","my_tlkpprojectradtrackdata",23,"datecosted","timestamp without time zone","YES",""
"mabarchive","my_tlkpprojectradtrackdata",24,"costedby","character varying","YES",""
"mabarchive","my_tlkpprojectradtrackdata",25,"actualexpenditure","money","YES",""
"mabarchive","my_tlkpprojectradtrackdata",26,"actualmanyears","double precision","YES",""
"mabarchive","my_tlkpprojectradtrackdata",27,"vla_budget","money","YES",""
"mabarchive","my_tlkptestreqmt",1,"year","smallint","NO",""
"mabarchive","my_tlkptestreqmt",2,"testcode","character varying","NO",""
"mabarchive","my_tlkptestreqmt",3,"buyer","character varying","NO",""
"mabarchive","my_tlkptestreqmt",4,"unitprice","money","YES",""
"mabarchive","my_tlkptestreqmt",5,"norequired","double precision","YES",""
"mabarchive","my_tlkptestreqmt",6,"projectbuyercode","character varying","YES",""
"mabarchive","my_tlkptestreqmt",7,"testbuyercode","character varying","YES",""
"mabarchive","my_tlkptestreqmt",8,"source","character","YES",""
"mabarchive","my_workgroup",1,"year","smallint","NO",""
"mabarchive","my_workgroup",2,"workgroup","character varying","NO",""
"mabarchive","my_workgroup",3,"profitcentre","character varying","NO",""
"mabarchive","my_workgroup",4,"costcentre","double precision","YES",""
"mabarchive","my_workgroup",5,"owner","character varying","YES",""
"mabarchive","my_workgroup",6,"description","character varying","YES",""
"mabarchive","my_workgroup",7,"centraloverhead","money","YES",""
"mabarchive","my_workgroup",8,"sendemail","smallint","YES",""
"mabarchive","my_workgroup",9,"cos90","smallint","YES",""
"mabarchive","my_workgroup",10,"costcentreold","double precision","YES",""
"mabarchive","my_workgroup",11,"email_recipient","character varying","YES",""
"mabarchive","my_workgroupgrade",1,"year","integer","NO",""
"mabarchive","my_workgroupgrade",2,"wggrade","character varying","NO",""
"mabarchive","my_workgroupgrade",3,"profitcentregrade","character varying","NO",""
"mabarchive","my_workgroupgrade",4,"gradecode","character varying","NO",""
"mabarchive","my_workgroupgrade",5,"workgroup","character varying","NO",""
"mabarchive","tbl_settings",1,"id","character varying","NO",""
"mabarchive","tbl_settings",2,"setting","character varying","YES",""
"mabarchive","tbl_settings",3,"notes","character varying","YES",""
"mabarchive","tbl_settings",4,"testsetting","character varying","YES",""
"mabarchive","tbl_settings",5,"userupdateable","boolean","YES","false"
"mabarchive","tblaccesslevels",1,"systemid","integer","NO",""
"mabarchive","tblaccesslevels",2,"accesslevelid","integer","NO",""
"mabarchive","tblaccesslevels",3,"accesslevel","character varying","YES",""
"mabarchive","tblaccessprograms",1,"systemid","integer","NO",""
"mabarchive","tblaccessprograms",2,"ntlogin","character varying","NO",""
"mabarchive","tblaccessprograms",3,"program","character varying","NO",""
"mabarchive","tblaccesssystems",1,"systemid","integer","NO",""
"mabarchive","tblaccesssystems",2,"systemname","character varying","NO",""
"mabarchive","tblaccessusers",1,"systemid","integer","NO",""
"mabarchive","tblaccessusers",2,"ntlogin","character varying","NO",""
"mabarchive","tblaccessusers",3,"username","character varying","YES",""
"mabarchive","tblaccessusers",4,"dt2login","character varying","YES",""
"mabarchive","tblaccessusers",5,"useremail","character varying","YES",""
"mabarchive","tblaccessusers_levels",1,"systemid","integer","NO",""
"mabarchive","tblaccessusers_levels",2,"ntlogin","character varying","NO",""
"mabarchive","tblaccessusers_levels",3,"accesslevelid","integer","NO",""
"mabarchive","tbladditionalcosts",1,"ac_identity","integer","NO","nextval('mabarchive.tbladditionalcosts_ac_identity_seq'::regclass)"
"mabarchive","tbladditionalcosts",2,"project","character varying","YES",""
"mabarchive","tbladditionalcosts",3,"year","integer","YES","0"
"mabarchive","tbladditionalcosts",4,"accountcat","character varying","NO",""
"mabarchive","tbladditionalcosts",5,"description","character varying","NO",""
"mabarchive","tbladditionalcosts",6,"itemcost","double precision","YES","0"
"mabarchive","tbladditionalcosts",7,"costentered","double precision","NO","0"
"mabarchive","tbladditionalcosts",8,"freq","character varying","YES",""
"mabarchive","tblanimalreq",1,"ar_identity","integer","NO","nextval('mabarchive.tblanimalreq_ar_identity_seq'::regclass)"
"mabarchive","tblanimalreq",2,"project","character varying","YES",""
"mabarchive","tblanimalreq",3,"year","integer","YES","0"
"mabarchive","tblanimalreq",4,"animaltype","character varying","NO",""
"mabarchive","tblanimalreq",5,"number of days","double precision","YES",""
"mabarchive","tblanimalreq",6,"number of animals","double precision","YES","0"
"mabarchive","tblanimalreq",7,"dailyrate","double precision","YES","0"
"mabarchive","tblcapsstaff",1,"mnumber","character varying","NO",""
"mabarchive","tblcapsstaff",2,"name","character varying","NO",""
"mabarchive","tblcapsstaff",3,"dt2number","character varying","YES",""
"mabarchive","tblcomments",1,"commentno","integer","NO","nextval('mabarchive.tblcomments_commentno_seq'::regclass)"
"mabarchive","tblcomments",2,"project","character varying","NO",""
"mabarchive","tblcomments",3,"year","smallint","NO",""
"mabarchive","tblcomments",4,"dateentered","timestamp without time zone","YES",""
"mabarchive","tblcomments",5,"topic","character varying","NO",""
"mabarchive","tblcomments",6,"comment","text","YES",""
"mabarchive","tblcomments",7,"madeby","character varying","YES",""
"mabarchive","tblcsg7_accountgroups",1,"csg7group","character varying","NO",""
"mabarchive","tblcsg7_accountgroups",2,"useinflation","boolean","YES","true"
"mabarchive","tbldb_var",1,"year","integer","YES",""
"mabarchive","tbldbvariables",1,"db_variable","character varying","NO",""
"mabarchive","tbldbvariables",2,"nval","double precision","YES","0"
"mabarchive","tbldisease",1,"disease","character varying","NO",""
"mabarchive","tbleugrade_conversion",1,"vlagrade","character varying","NO",""
"mabarchive","tbleugrade_conversion",2,"eugrade","character varying","YES",""
"mabarchive","tblfpsyearstoimport",1,"fpsname","character varying","NO",""
"mabarchive","tblimages",1,"imageid","integer","NO",""
"mabarchive","tblimages",2,"image","bytea","YES",""
"mabarchive","tblimages",3,"decription","character varying","YES",""
"mabarchive","tbllogmilestone",1,"project","character varying","YES",""
"mabarchive","tbllogmilestone",2,"number","character varying","YES",""
"mabarchive","tbllogmilestone",3,"description","character varying","YES",""
"mabarchive","tbllogmilestone",4,"datedue","timestamp without time zone","YES",""
"mabarchive","tbllogmilestone",5,"datecompleted","timestamp without time zone","YES",""
"mabarchive","tbllogmilestone",6,"dateformreceived","timestamp without time zone","YES",""
"mabarchive","tbllogmilestone",7,"undersdreview","smallint","YES",""
"mabarchive","tbllogmilestone",8,"ontarget","smallint","YES",""
"mabarchive","tbllogmilestone",9,"projectleadercomment","text","YES",""
"mabarchive","tbllogmilestone",10,"capscomment","character varying","YES",""
"mabarchive","tbllogmilestone",11,"idtype","character","YES",""
"mabarchive","tbllogmilestone",12,"datechanged","timestamp without time zone","YES",""
"mabarchive","tbllogmilestone",13,"changedby","character varying","YES",""
"mabarchive","tbllogmilestone",14,"updatetype","character","YES",""
"mabarchive","tbllogmilestone",15,"id","integer","NO","nextval('mabarchive.tbllogmilestone_id_seq'::regclass)"
"mabarchive","tblmaintenance",1,"formname","character varying","NO",""
"mabarchive","tblmaintenance",2,"description","character varying","YES",""
"mabarchive","tblmaintenance",3,"usernotes","character varying","YES",""
"mabarchive","tblmaintenance",4,"obsolete?","boolean","NO",""
"mabarchive","tblmaintenance",5,"displayseq","integer","YES",""
"mabarchive","tblmilestone",1,"project","character varying","NO",""
"mabarchive","tblmilestone",2,"number","character varying","NO",""
"mabarchive","tblmilestone",3,"description","character varying","YES",""
"mabarchive","tblmilestone",4,"datedue","timestamp without time zone","NO",""
"mabarchive","tblmilestone",5,"datecompleted","timestamp without time zone","YES",""
"mabarchive","tblmilestone",6,"dateformreceived","timestamp without time zone","YES",""
"mabarchive","tblmilestone",7,"undersdreview","smallint","YES","0"
"mabarchive","tblmilestone",8,"ontarget","smallint","YES","0"
"mabarchive","tblmilestone",9,"projectleadercomment","text","YES",""
"mabarchive","tblmilestone",10,"capscomment","character varying","YES",""
"mabarchive","tblmilestone",11,"idtype","character","YES",""
"mabarchive","tblprofitcentre_manager_link",1,"profitcentre","character varying","NO",""
"mabarchive","tblprofitcentre_manager_link",2,"manager","character varying","NO",""
"mabarchive","tblprogram_manager_link",1,"program","character varying","NO",""
"mabarchive","tblprogram_manager_link",2,"manager","character varying","NO",""
"mabarchive","tblproject",1,"project","character varying","NO",""
"mabarchive","tblproject",2,"plancat","character varying","YES",""
"mabarchive","tblproject",3,"projecttitle","character varying","YES",""
"mabarchive","tblproject",4,"programme","character varying","YES",""
"mabarchive","tblproject",5,"projectworkgroup","character varying","YES",""
"mabarchive","tblproject",6,"contractprice","double precision","YES",""
"mabarchive","tblproject",7,"startdate","date","YES",""
"mabarchive","tblproject",8,"disease","character varying","YES",""
"mabarchive","tblproject",9,"startfyear","double precision","YES","0"
"mabarchive","tblproject",10,"customer name","character varying","YES",""
"mabarchive","tblproject",11,"contract number","character varying","YES",""
"mabarchive","tblproject",12,"submittedbyfname","character varying","YES",""
"mabarchive","tblproject",13,"submittedbylname","character varying","YES",""
"mabarchive","tblproject",14,"date of submission","date","YES",""
"mabarchive","tblproject",15,"prepared by","character varying","YES",""
"mabarchive","tblproject",16,"inflation","integer","YES","0"
"mabarchive","tblproject",17,"financialyears","integer","YES",""
"mabarchive","tblproject",18,"notes","character varying","YES",""
"mabarchive","tblproject",19,"euroconvrate","double precision","YES",""
"mabarchive","tblproject",20,"isdefraproject","smallint","YES",""
"mabarchive","tblprojectmanager",1,"projectmanager","character varying","NO",""
"mabarchive","tblprojectmanager",2,"email","character varying","YES",""
"mabarchive","tblprojectmanager",3,"mnumber","character varying","YES",""
"mabarchive","tblprojectmanager",4,"disable","boolean","NO","false"
"mabarchive","tblprojectreviewitems",1,"project","character varying","NO",""
"mabarchive","tblprojectreviewitems",2,"itemid","integer","NO",""
"mabarchive","tblprojectreviewitems",3,"frequencyid","integer","YES",""
"mabarchive","tblprojectyear",1,"project","character varying","NO",""
"mabarchive","tblprojectyear",2,"yearno","integer","NO",""
"mabarchive","tblprojectyear",3,"markup_time","double precision","YES",""
"mabarchive","tblprojectyear",4,"markup_tests","double precision","YES",""
"mabarchive","tblprojectyear",5,"markup_animals","double precision","YES",""
"mabarchive","tblprojectyear",6,"markup_additional","double precision","YES",""
"mabarchive","tblprojectyear",7,"profit_time","double precision","YES",""
"mabarchive","tblprojectyear",8,"profit_tests","double precision","YES",""
"mabarchive","tblprojectyear",9,"profit_animals","double precision","YES",""
"mabarchive","tblprojectyear",10,"profit_additional","double precision","YES",""
"mabarchive","tblproposedproject",1,"id","integer","NO","nextval('mabarchive.tblproposedproject_id_seq'::regclass)"
"mabarchive","tblproposedproject",2,"parentproject","character varying","NO",""
"mabarchive","tblproposedproject",3,"projecttitle","character varying","YES",""
"mabarchive","tblproposedproject",4,"program","character varying","YES",""
"mabarchive","tblproposedproject",5,"customer","character varying","YES",""
"mabarchive","tblproposedproject",6,"manager","character varying","YES",""
"mabarchive","tblproposedproject",7,"projectstatus","character varying","YES",""
"mabarchive","tblproposedproject",8,"costbookno","character varying","YES",""
"mabarchive","tblproposedproject",9,"disease","character varying","YES",""
"mabarchive","tblproposedproject",10,"reason","character varying","YES",""
"mabarchive","tblpublication",1,"uid","integer","NO","nextval('mabarchive.tblpublication_uid_seq'::regclass)"
"mabarchive","tblpublication",2,"identifier","character varying","NO",""
"mabarchive","tblpublication",3,"type","character varying","NO",""
"mabarchive","tblpublication",4,"program","character varying","NO",""
"mabarchive","tblpublication",5,"subject","character varying","YES",""
"mabarchive","tblpublication",6,"leadauthor","character varying","YES",""
"mabarchive","tblpublication",7,"otherauthors","character varying","YES",""
"mabarchive","tblpublication",8,"targetdate","date","YES",""
"mabarchive","tblpublication",9,"submitted","date","YES",""
"mabarchive","tblpublication",10,"published","boolean","NO",""
"mabarchive","tblpublication",11,"comments","text","YES",""
"mabarchive","tblpublicationproject",1,"publicationuid","integer","NO",""
"mabarchive","tblpublicationproject",2,"parentproject","character varying","NO",""
"mabarchive","tblradtrackcontract",1,"contract","character varying","NO",""
"mabarchive","tblradtrackinvoice",1,"invoicecounter","integer","NO","0"
"mabarchive","tblradtrackinvoice",2,"project","character varying","YES",""
"mabarchive","tblradtrackinvoice",3,"plannedamount","double precision","YES",""
"mabarchive","tblradtrackinvoice",4,"dueamount","double precision","YES",""
"mabarchive","tblradtrackinvoice",5,"duedate","timestamp without time zone","YES",""
"mabarchive","tblradtrackinvoice",6,"actualamount","double precision","YES",""
"mabarchive","tblradtrackinvoice",7,"dateinvoiced","timestamp without time zone","YES",""
"mabarchive","tblradtrackinvoice",8,"contract","character varying","YES",""
"mabarchive","tblradtrackinvoice",9,"datejobsheetraised","timestamp without time zone","YES",""
"mabarchive","tblradtrackinvoice",10,"invoiceref","character varying","YES",""
"mabarchive","tblradtrackinvoice",11,"invoicepaid","smallint","NO",""
"mabarchive","tblradtrackprog",1,"program","character varying","NO",""
"mabarchive","tblradtrackprog",2,"radtrackprog","boolean","NO",""
"mabarchive","tblradtrackprog",3,"publicationprefix","character varying","YES",""
"mabarchive","tblreport",1,"id","integer","NO",""
"mabarchive","tblreport",2,"reportname","character varying","NO",""
"mabarchive","tblreport",3,"reportdescription","character varying","YES",""
"mabarchive","tblreport",4,"filter","character varying","YES",""
"mabarchive","tblreport",5,"mailcomment","character varying","YES",""
"mabarchive","tblreport",6,"mailtitle","character varying","YES",""
"mabarchive","tblreport",7,"emailable","boolean","NO",""
"mabarchive","tblreport",8,"sortorder","integer","YES",""
"mabarchive","tblreport",9,"allowpickprogramme","boolean","NO",""
"mabarchive","tblreport",10,"allowpickproject","boolean","NO",""
"mabarchive","tblreport",11,"allowpickmanager","boolean","NO",""
"mabarchive","tblreport",12,"allowpickcontract","boolean","NO",""
"mabarchive","tblreport",13,"allowpickcustomer","boolean","NO",""
"mabarchive","tblreport",14,"allowpickmonth","boolean","NO",""
"mabarchive","tblreport",15,"allowpickfyear","boolean","NO",""
"mabarchive","tblreport",16,"reporthelp","character varying","YES",""
"mabarchive","tblreport",17,"type","character","NO",""
"mabarchive","tblreportgroup",1,"groupid","integer","NO","nextval('mabarchive.tblreportgroup_groupid_seq'::regclass)"
"mabarchive","tblreportgroup",2,"description","character varying","NO",""
"mabarchive","tblreportgroup_link",1,"reportid","integer","NO",""
"mabarchive","tblreportgroup_link",2,"groupid","integer","NO",""
"mabarchive","tblstaffrequ",1,"sr_identity","integer","NO","nextval('mabarchive.tblstaffrequ_sr_identity_seq'::regclass)"
"mabarchive","tblstaffrequ",2,"project","character varying","YES",""
"mabarchive","tblstaffrequ",3,"year","integer","YES","0"
"mabarchive","tblstaffrequ",4,"wggrade","character varying","NO",""
"mabarchive","tblstaffrequ",5,"name","character varying","YES",""
"mabarchive","tblstaffrequ",6,"nohours","double precision","YES","0"
"mabarchive","tblstaffrequ",7,"nodays","double precision","YES","0"
"mabarchive","tblstaffrequ",8,"chargerate","double precision","YES","0"
"mabarchive","tblstaffrequ",9,"payrate","double precision","YES",""
"mabarchive","tblstaffrequ",10,"npr","double precision","YES",""
"mabarchive","tblstaffrequ",11,"ohr","double precision","YES",""
"mabarchive","tbltestrequ",1,"project","character varying","NO",""
"mabarchive","tbltestrequ",2,"year","integer","NO","0"
"mabarchive","tbltestrequ",3,"testcode","character varying","NO",""
"mabarchive","tbltestrequ",4,"notests","double precision","YES","0"
"mabarchive","tbltestrequ",5,"unitprice","double precision","YES","0"
"mabarchive","temptbladditionalcosts",1,"ac_identity","integer","NO","nextval('mabarchive.temptbladditionalcosts_ac_identity_seq'::regclass)"
"mabarchive","temptbladditionalcosts",2,"project","integer","YES","0"
"mabarchive","temptbladditionalcosts",3,"year","integer","YES","0"
"mabarchive","temptbladditionalcosts",4,"accountcat","character varying","YES",""
"mabarchive","temptbladditionalcosts",5,"description","character varying","YES",""
"mabarchive","temptbladditionalcosts",6,"itemcost","double precision","YES","0"
"mabarchive","temptbladditionalcosts",7,"costentered","double precision","YES","0"
"mabarchive","temptbladditionalcosts",8,"freq","character varying","YES",""
"mabarchive","temptblanimalreq",1,"ar_identity","integer","NO","nextval('mabarchive.temptblanimalreq_ar_identity_seq'::regclass)"
"mabarchive","temptblanimalreq",2,"project","integer","YES","0"
"mabarchive","temptblanimalreq",3,"year","integer","YES","0"
"mabarchive","temptblanimalreq",4,"animaltype","character varying","YES",""
"mabarchive","temptblanimalreq",5,"number of days","double precision","YES","0"
"mabarchive","temptblanimalreq",6,"number of animals","double precision","YES","0"
"mabarchive","temptblanimalreq",7,"dailyrate","double precision","YES","0"
"mabarchive","temptblproject",1,"project","integer","NO","0"
"mabarchive","temptblproject",2,"programme","character varying","YES",""
"mabarchive","temptblproject",3,"plancat","character varying","YES",""
"mabarchive","temptblproject",4,"projecttitle","character varying","YES",""
"mabarchive","temptblproject",5,"projectworkgroup","character varying","YES",""
"mabarchive","temptblproject",6,"contractprice","double precision","YES",""
"mabarchive","temptblproject",7,"startdate","date","YES",""
"mabarchive","temptblproject",8,"disease","character varying","YES",""
"mabarchive","temptblproject",9,"startfyear","numeric","YES","0"
"mabarchive","temptblproject",10,"customer name","character varying","YES",""
"mabarchive","temptblproject",11,"contract number","character varying","YES",""
"mabarchive","temptblproject",12,"submitted by","character varying","YES",""
"mabarchive","temptblproject",13,"date of submission","date","YES",""
"mabarchive","temptblproject",14,"prepared by","character varying","YES",""
"mabarchive","temptblproject",15,"inflation","boolean","YES","false"
"mabarchive","temptblproject",16,"ready","boolean","YES","false"
"mabarchive","temptblproject",17,"financialyears","boolean","YES","true"
"mabarchive","temptblproject",18,"notes","character varying","YES",""
"mabarchive","temptblprojectyear",1,"project","integer","NO","0"
"mabarchive","temptblprojectyear",2,"yearno","integer","NO",""
"mabarchive","temptblstaffrequ",1,"sr_identity","integer","NO","nextval('mabarchive.temptblstaffrequ_sr_identity_seq'::regclass)"
"mabarchive","temptblstaffrequ",2,"project","integer","YES","0"
"mabarchive","temptblstaffrequ",3,"year","integer","YES","0"
"mabarchive","temptblstaffrequ",4,"wggrade","character varying","YES",""
"mabarchive","temptblstaffrequ",5,"name","character varying","YES",""
"mabarchive","temptblstaffrequ",6,"nohours","double precision","YES","0"
"mabarchive","temptblstaffrequ",7,"nodays","double precision","YES","0"
"mabarchive","temptblstaffrequ",8,"chargerate","double precision","YES","0"
"mabarchive","temptbltestreq",1,"project","integer","NO","0"
"mabarchive","temptbltestreq",2,"year","integer","NO","0"
"mabarchive","temptbltestreq",3,"testcode","character varying","NO",""
"mabarchive","temptbltestreq",4,"notests","double precision","YES","0"
"mabarchive","temptbltestreq",5,"unitprice","double precision","YES","0"
"mabarchive","tlkpcommenttopics",1,"topic","character varying","NO",""
"mabarchive","tlkpfrequency",1,"frequencyid","integer","NO",""
"mabarchive","tlkpfrequency",2,"frequency","character varying","YES",""
"mabarchive","tlkpmilestonetype",1,"idtype","character","NO",""
"mabarchive","tlkpmilestonetype",2,"type","character varying","YES",""
"mabarchive","tlkpmilestonetype",3,"milestonedeliverable","character","YES",""
"mabarchive","tlkpmonths",1,"fmonthno","integer","NO",""
"mabarchive","tlkpmonths",2,"monthno","integer","YES",""
"mabarchive","tlkpmonths",3,"monthname","character varying","YES",""
"mabarchive","tlkpprojectstatus",1,"projectstatus","character varying","NO",""
"mabarchive","tlkpprojectstatus",2,"is_fps","boolean","NO",""
"mabarchive","tlkpprojectstatus",3,"is_pims","boolean","NO",""
"mabarchive","tlkppublicationtype",1,"type","character varying","NO",""
"mabarchive","tlkppublicationtype",2,"description","character varying","YES",""
"mabarchive","tlkpreviewitem",1,"itemid","integer","NO",""
"mabarchive","tlkpreviewitem",2,"item","character varying","YES",""
"mabarchive","tlkprisk",1,"riskid","integer","NO",""
"mabarchive","tlkprisk",2,"riskrating","character varying","NO",""
"mabarchive","tlkpyear",1,"year","integer","NO",""
"mabarchive","tlkpyear",2,"latestmonthreleased","integer","YES",""
"public","tblstagingmilestone",1,"id","integer","YES",""
"public","tblstagingmilestone",2,"project","USER-DEFINED","YES",""
"public","tblstagingmilestone",3,"number","text","YES",""
"public","tblstagingmilestone",4,"description","text","YES",""
"public","tblstagingmilestone",5,"datedue","text","YES",""
"public","tblstagingmilestone",6,"note","text","YES",""
"public","tblstagingmilestone",7,"alt_description","text","YES",""
"public","tblstagingmilestone",8,"alt_date","text","YES",""
"public","tblstagingmilestone",9,"alt_number","text","YES",""
"public","tblstagingmilestone",10,"typeid","text","YES",""
"public","tblstagingstaffjob",1,"staffid","USER-DEFINED","YES",""
"public","tblstagingstaffjob",2,"jobcode","USER-DEFINED","YES",""
"public","tblstagingstaffjob",3,"plannedhours","double precision","YES",""
"public","tblstagingtestsrequiredbywg",1,"profitcentre","character varying","YES",""
"public","tblstagingtestsrequiredbywg",2,"wg","character varying","YES",""
"public","tblstagingtestsrequiredbywg",3,"testcode","character varying","YES",""
"public","tblstagingtestsrequiredbywg",4,"norequired","double precision","YES",""
"public","tblstagingtestsrequiredbywg",5,"yeartotal","double precision","YES",""
"public","tblstagingtestsrequiredbywg",6,"testsbywg","double precision","YES",""
"public","tblstagingtestsrequiredbywg",7,"projectedtotal","double precision","YES",""
"public","tblstagingtestsrequiredbywg",8,"itemdescription","text","YES",""
"sink_meta","pipeline_run",1,"run_id","uuid","NO",""
"sink_meta","pipeline_run",2,"snapshot_id","uuid","NO",""
"sink_meta","pipeline_run",3,"stage","character varying","NO",""
"sink_meta","pipeline_run",4,"started_at","timestamp with time zone","NO","now()"
"sink_meta","pipeline_run",5,"completed_at","timestamp with time zone","YES",""
"sink_meta","pipeline_run",6,"status","character varying","NO",""
"sink_meta","pipeline_run",7,"rows_read","bigint","YES",""
"sink_meta","pipeline_run",8,"rows_written","bigint","YES",""
"sink_meta","pipeline_run",9,"error_text","text","YES",""
"sink_meta","snapshot_manifest",1,"snapshot_id","uuid","NO",""
"sink_meta","snapshot_manifest",2,"source_environment","character varying","NO",""
"sink_meta","snapshot_manifest",3,"source_host","character varying","NO",""
"sink_meta","snapshot_manifest",4,"source_database","character varying","NO",""
"sink_meta","snapshot_manifest",5,"dump_file_name","character varying","NO",""
"sink_meta","snapshot_manifest",6,"dump_sha256","character varying","YES",""
"sink_meta","snapshot_manifest",7,"imported_at","timestamp with time zone","NO","now()"
"sink_meta","snapshot_manifest",8,"imported_by","character varying","NO",""
"sink_meta","snapshot_manifest",9,"note","character varying","YES",""
"sink_raw","fps__additionalcosts_log",1,"sequenceno","integer","NO","nextval('fps.additionalcosts_log_sequenceno_seq'::regclass)"
"sink_raw","fps__additionalcosts_log",2,"jobcode","character varying","NO",""
"sink_raw","fps__additionalcosts_log",3,"account","character varying","NO",""
"sink_raw","fps__additionalcosts_log",4,"description","character varying","NO",""
"sink_raw","fps__additionalcosts_log",5,"itemcost","money","NO",""
"sink_raw","fps__additionalcosts_log",6,"freq","character varying","YES",""
"sink_raw","fps__additionalcosts_log",7,"supplier","character varying","YES",""
"sink_raw","fps__additionalcosts_log",8,"date_time","timestamp without time zone","YES",""
"sink_raw","fps__additionalcosts_log",9,"user_id","character varying","YES",""
"sink_raw","fps__additionalcosts_log",10,"insert_delete","character","YES",""
"sink_raw","fps__additionalcosts_log",11,"fpsyear","integer","NO",""
"sink_raw","fps__animalreq_log",1,"sequenceno","integer","NO","nextval('fps.animalreq_log_sequenceno_seq'::regclass)"
"sink_raw","fps__animalreq_log",2,"jobcode","character varying","NO",""
"sink_raw","fps__animalreq_log",3,"animaltype","character varying","NO",""
"sink_raw","fps__animalreq_log",4,"numberofdays","double precision","NO",""
"sink_raw","fps__animalreq_log",5,"numberofanimals","double precision","NO",""
"sink_raw","fps__animalreq_log",6,"date_time","timestamp without time zone","YES",""
"sink_raw","fps__animalreq_log",7,"user_id","character varying","YES",""
"sink_raw","fps__animalreq_log",8,"insert_delete","character","YES",""
"sink_raw","fps__animalreq_log",9,"fpsyear","integer","NO",""
"sink_raw","fps__costcentre",1,"costcentre","double precision","NO",""
"sink_raw","fps__costcentre",2,"profitcentre","USER-DEFINED","NO",""
"sink_raw","fps__costcentre",3,"fpsyear","integer","NO",""
"sink_raw","fps__divisiongrade",1,"divisiongrade","USER-DEFINED","NO",""
"sink_raw","fps__divisiongrade",2,"gradecode","USER-DEFINED","NO",""
"sink_raw","fps__divisiongrade",3,"division","USER-DEFINED","NO",""
"sink_raw","fps__divisiongrade",4,"chargerate","money","YES","0"
"sink_raw","fps__divisiongrade",5,"directrate","money","YES","0"
"sink_raw","fps__divisiongrade",6,"payrate","money","YES","0"
"sink_raw","fps__divisiongrade",7,"npr","money","YES","0"
"sink_raw","fps__divisiongrade",8,"ohr","money","YES","0"
"sink_raw","fps__divisiongrade",9,"fpsyear","integer","NO",""
"sink_raw","fps__fpsyeartotals",1,"parentproject","character varying","NO",""
"sink_raw","fps__fpsyeartotals",2,"program","character varying","NO",""
"sink_raw","fps__fpsyeartotals",3,"totaladditionalcosts","money","YES",""
"sink_raw","fps__fpsyeartotals",4,"totalanimalcosts","double precision","YES",""
"sink_raw","fps__fpsyeartotals",5,"totalstaffcosts","double precision","YES",""
"sink_raw","fps__fpsyeartotals",6,"totaltestcosts","double precision","YES",""
"sink_raw","fps__fpsyeartotals",7,"totalcosts","double precision","YES",""
"sink_raw","fps__fpsyeartotals",8,"custincome","money","NO",""
"sink_raw","fps__fpsyeartotals",9,"transferincome","money","NO",""
"sink_raw","fps__fpsyeartotals",10,"totalincome","money","NO",""
"sink_raw","fps__fpsyeartotals",11,"budget_cvl","money","YES",""
"sink_raw","fps__fpsyeartotals",12,"requiredprofit","money","YES",""
"sink_raw","fps__fpsyeartotals",13,"manager","character varying","YES",""
"sink_raw","fps__fpsyeartotals",14,"customer","character varying","YES",""
"sink_raw","fps__fpsyeartotals",15,"projectstatus","character varying","YES",""
"sink_raw","fps__fpsyeartotals",16,"pvsincome","money","YES",""
"sink_raw","fps__fpsyeartotals",17,"plancaseworkdebit","money","YES",""
"sink_raw","fps__fpsyeartotals",18,"totalpaycosts","double precision","YES",""
"sink_raw","fps__fpsyeartotals",19,"fpsyear","integer","NO",""
"sink_raw","fps__grade",1,"gradecode","USER-DEFINED","NO",""
"sink_raw","fps__grade",2,"desc_long","character varying","YES",""
"sink_raw","fps__grade",3,"avsalary","money","YES","0"
"sink_raw","fps__grade",4,"pactcode","character varying","YES",""
"sink_raw","fps__grade",5,"avleavehrs","double precision","YES","0"
"sink_raw","fps__grade",6,"avsickhrs","double precision","YES","0"
"sink_raw","fps__grade",7,"fpsyear","integer","NO",""
"sink_raw","fps__milestone",1,"project","USER-DEFINED","NO",""
"sink_raw","fps__milestone",2,"milestoneref","character varying","NO",""
"sink_raw","fps__milestone",3,"objectiveref","character varying","NO",""
"sink_raw","fps__milestone",4,"milsetonetitle","character varying","YES",""
"sink_raw","fps__milestone",5,"plandate","date","YES",""
"sink_raw","fps__milestone",6,"actualdate","date","YES",""
"sink_raw","fps__milestone",7,"comment","text","YES",""
"sink_raw","fps__milestone",8,"monthnofin","double precision","YES",""
"sink_raw","fps__milestone",9,"year","character varying","YES",""
"sink_raw","fps__milestone",10,"fpsyear","integer","NO",""
"sink_raw","fps__mo_log",1,"sequenceno","integer","NO",""
"sink_raw","fps__mo_log",2,"testcode","character varying","YES",""
"sink_raw","fps__mo_log",3,"buyer","character varying","YES",""
"sink_raw","fps__mo_log",4,"month","double precision","YES",""
"sink_raw","fps__mo_log",5,"workgroup","character varying","YES",""
"sink_raw","fps__mo_log",6,"volume","double precision","YES",""
"sink_raw","fps__mo_log",7,"wgbuyer","character varying","YES",""
"sink_raw","fps__mo_log",8,"date_time","timestamp without time zone","YES",""
"sink_raw","fps__mo_log",9,"user_id","character varying","YES",""
"sink_raw","fps__mo_log",10,"insert_delete","character","YES",""
"sink_raw","fps__mo_log",11,"fpsyear","integer","NO",""
"sink_raw","fps__monthlyoutput",1,"testcode","USER-DEFINED","NO",""
"sink_raw","fps__monthlyoutput",2,"buyer","USER-DEFINED","NO",""
"sink_raw","fps__monthlyoutput",3,"month","double precision","NO",""
"sink_raw","fps__monthlyoutput",4,"workgroup","USER-DEFINED","NO",""
"sink_raw","fps__monthlyoutput",5,"volume","double precision","YES",""
"sink_raw","fps__monthlyoutput",6,"wgbuyer","character varying","YES",""
"sink_raw","fps__monthlyoutput",7,"fpsyear","integer","NO",""
"sink_raw","fps__monthlytime",1,"pactstaffid","USER-DEFINED","NO",""
"sink_raw","fps__monthlytime",2,"timecode","USER-DEFINED","NO",""
"sink_raw","fps__monthlytime",3,"month","double precision","NO",""
"sink_raw","fps__monthlytime",4,"parentproject","USER-DEFINED","NO",""
"sink_raw","fps__monthlytime",5,"workgroup","USER-DEFINED","YES",""
"sink_raw","fps__monthlytime",6,"hours","double precision","YES",""
"sink_raw","fps__monthlytime",7,"fpsyear","integer","NO",""
"sink_raw","fps__mt_log",1,"sequenceno","integer","NO","nextval('fps.mt_log_sequenceno_seq'::regclass)"
"sink_raw","fps__mt_log",2,"pactstaffid","character varying","NO",""
"sink_raw","fps__mt_log",3,"timecode","character varying","NO",""
"sink_raw","fps__mt_log",4,"month","double precision","NO",""
"sink_raw","fps__mt_log",5,"parentproject","character varying","NO",""
"sink_raw","fps__mt_log",6,"workgroup","character varying","YES",""
"sink_raw","fps__mt_log",7,"hours","double precision","YES",""
"sink_raw","fps__mt_log",8,"date_time","timestamp without time zone","YES",""
"sink_raw","fps__mt_log",9,"user_id","character varying","YES",""
"sink_raw","fps__mt_log",10,"insert_delete","character","YES",""
"sink_raw","fps__mt_log",11,"fpsyear","integer","NO",""
"sink_raw","fps__period_monthlyoutput",1,"id","integer","NO","nextval('fps.period_monthlyoutput_id_seq'::regclass)"
"sink_raw","fps__period_monthlyoutput",2,"period","integer","NO",""
"sink_raw","fps__period_monthlyoutput",3,"project","character varying","NO",""
"sink_raw","fps__period_monthlyoutput",4,"oracleprojectcode","character varying","YES",""
"sink_raw","fps__period_monthlyoutput",5,"subaccountcode","character varying","YES",""
"sink_raw","fps__period_monthlyoutput",6,"isdefraproject","character varying","NO",""
"sink_raw","fps__period_monthlyoutput",7,"opc","character varying","YES",""
"sink_raw","fps__period_monthlyoutput",8,"occ","double precision","YES",""
"sink_raw","fps__period_monthlyoutput",9,"month","double precision","NO",""
"sink_raw","fps__period_monthlyoutput",10,"spc","character varying","NO",""
"sink_raw","fps__period_monthlyoutput",11,"workgroup","character varying","NO",""
"sink_raw","fps__period_monthlyoutput",12,"scc","double precision","YES",""
"sink_raw","fps__period_monthlyoutput",13,"testcode","character varying","NO",""
"sink_raw","fps__period_monthlyoutput",14,"volume","double precision","YES",""
"sink_raw","fps__period_monthlyoutput",15,"testprice","money","YES",""
"sink_raw","fps__period_monthlyoutput",16,"totalcost","money","YES",""
"sink_raw","fps__period_proj_subcontract",1,"period","smallint","NO",""
"sink_raw","fps__period_proj_subcontract",2,"subcontcounter","integer","NO",""
"sink_raw","fps__period_proj_subcontract",3,"project","character varying","YES",""
"sink_raw","fps__period_proj_subcontract",4,"oracleprojectcode","character varying","YES",""
"sink_raw","fps__period_proj_subcontract",5,"subaccountcode","character varying","YES",""
"sink_raw","fps__period_proj_subcontract",6,"isdefraproject","character varying","NO",""
"sink_raw","fps__period_proj_subcontract",7,"opc","character varying","YES",""
"sink_raw","fps__period_proj_subcontract",8,"occ","double precision","YES",""
"sink_raw","fps__period_proj_subcontract",9,"month","double precision","YES",""
"sink_raw","fps__period_proj_subcontract",10,"amount","money","YES",""
"sink_raw","fps__period_proj_subcontract",11,"acctcode","character varying","YES",""
"sink_raw","fps__period_timecostcalcs",1,"id","integer","NO","nextval('fps.period_timecostcalcs_id_seq'::regclass)"
"sink_raw","fps__period_timecostcalcs",2,"period","integer","NO",""
"sink_raw","fps__period_timecostcalcs",3,"project","character varying","NO",""
"sink_raw","fps__period_timecostcalcs",4,"oracleprojectcode","character varying","YES",""
"sink_raw","fps__period_timecostcalcs",5,"subaccountcode","character varying","YES",""
"sink_raw","fps__period_timecostcalcs",6,"month","double precision","NO",""
"sink_raw","fps__period_timecostcalcs",7,"defraproject","character varying","NO",""
"sink_raw","fps__period_timecostcalcs",8,"occ","double precision","YES",""
"sink_raw","fps__period_timecostcalcs",9,"opc","character varying","YES",""
"sink_raw","fps__period_timecostcalcs",10,"spc","character varying","NO",""
"sink_raw","fps__period_timecostcalcs",11,"scc","double precision","YES",""
"sink_raw","fps__period_timecostcalcs",12,"name","character varying","YES",""
"sink_raw","fps__period_timecostcalcs",13,"gradecode","character varying","YES",""
"sink_raw","fps__period_timecostcalcs",14,"spnumber","character varying","NO",""
"sink_raw","fps__period_timecostcalcs",15,"chargerate","money","YES",""
"sink_raw","fps__period_timecostcalcs",16,"pay","money","YES",""
"sink_raw","fps__period_timecostcalcs",17,"nonpay","money","YES",""
"sink_raw","fps__period_timecostcalcs",18,"overhead","money","YES",""
"sink_raw","fps__period_timecostcalcs",19,"time","double precision","YES",""
"sink_raw","fps__period_timecostcalcs",20,"totalcost","money","YES",""
"sink_raw","fps__plancatwggrade",1,"plancategory","USER-DEFINED","NO",""
"sink_raw","fps__plancatwggrade",2,"wggrade","USER-DEFINED","NO",""
"sink_raw","fps__plancatwggrade",3,"hours","integer","YES","0"
"sink_raw","fps__plancatwggrade",4,"createdby","character varying","YES",""
"sink_raw","fps__plancatwggrade",5,"selleragrees","character varying","YES",""
"sink_raw","fps__plancatwggrade",6,"buyeragrees","character varying","YES",""
"sink_raw","fps__plancatwggrade",7,"fpsyear","integer","NO",""
"sink_raw","fps__profitcentregrade",1,"pcgrade","USER-DEFINED","NO",""
"sink_raw","fps__profitcentregrade",2,"divisiongrade","USER-DEFINED","NO",""
"sink_raw","fps__profitcentregrade",3,"gradecode","USER-DEFINED","NO",""
"sink_raw","fps__profitcentregrade",4,"profitcentre","USER-DEFINED","NO",""
"sink_raw","fps__profitcentregrade",5,"chargerate","money","YES",""
"sink_raw","fps__profitcentregrade",6,"directrate","money","YES","0"
"sink_raw","fps__profitcentregrade",7,"payrate","money","YES","0"
"sink_raw","fps__profitcentregrade",8,"npr","money","YES","0"
"sink_raw","fps__profitcentregrade",9,"ohr","money","YES","0"
"sink_raw","fps__profitcentregrade",10,"hrsavailable","double precision","YES","0"
"sink_raw","fps__profitcentregrade",11,"oldchargerate","money","YES","0"
"sink_raw","fps__profitcentregrade",12,"defrachargerate","money","YES",""
"sink_raw","fps__profitcentregrade",13,"fpsyear","integer","NO",""
"sink_raw","fps__profitcentregrade_nondefra",1,"pcgrade","character varying","NO",""
"sink_raw","fps__profitcentregrade_nondefra",2,"divisiongrade","USER-DEFINED","NO",""
"sink_raw","fps__profitcentregrade_nondefra",3,"gradecode","USER-DEFINED","NO",""
"sink_raw","fps__profitcentregrade_nondefra",4,"profitcentre","USER-DEFINED","NO",""
"sink_raw","fps__profitcentregrade_nondefra",5,"chargerate","money","YES","0"
"sink_raw","fps__profitcentregrade_nondefra",6,"directrate","money","YES","0"
"sink_raw","fps__profitcentregrade_nondefra",7,"payrate","money","YES","0"
"sink_raw","fps__profitcentregrade_nondefra",8,"npr","money","YES","0"
"sink_raw","fps__profitcentregrade_nondefra",9,"ohr","money","YES","0"
"sink_raw","fps__profitcentregrade_nondefra",10,"hrsavailable","double precision","YES","0"
"sink_raw","fps__profitcentregrade_nondefra",11,"oldchargerate","money","YES","0"
"sink_raw","fps__profitcentregrade_nondefra",12,"fpsyear","integer","NO",""
"sink_raw","fps__proj_invoice",1,"projectparent","USER-DEFINED","NO",""
"sink_raw","fps__proj_invoice",2,"month","integer","YES",""
"sink_raw","fps__proj_invoice",3,"amount","money","YES",""
"sink_raw","fps__proj_invoice",4,"costofwork","money","YES",""
"sink_raw","fps__proj_invoice",5,"wip","money","YES",""
"sink_raw","fps__proj_invoice",6,"profitloss","money","YES",""
"sink_raw","fps__proj_invoice",7,"detail","character varying","YES",""
"sink_raw","fps__proj_invoice",8,"invoicecounter","integer","NO",""
"sink_raw","fps__proj_invoice",9,"x","character varying","YES",""
"sink_raw","fps__proj_invoice",10,"type","character varying","YES",""
"sink_raw","fps__proj_invoice",11,"fpsyear","integer","NO",""
"sink_raw","fps__proj_subcontract",1,"subcontcounter","integer","NO","nextval('fps.proj_subcontract_subcontcounter_seq'::regclass)"
"sink_raw","fps__proj_subcontract",2,"project","USER-DEFINED","YES",""
"sink_raw","fps__proj_subcontract",3,"testjob","character varying","YES",""
"sink_raw","fps__proj_subcontract",4,"month","double precision","YES",""
"sink_raw","fps__proj_subcontract",5,"amount","money","YES",""
"sink_raw","fps__proj_subcontract",6,"workgroup","character varying","YES",""
"sink_raw","fps__proj_subcontract",7,"acctcode","character varying","YES",""
"sink_raw","fps__proj_subcontract",8,"supplier","character varying","YES",""
"sink_raw","fps__proj_subcontract",9,"description","character varying","YES",""
"sink_raw","fps__proj_subcontract",10,"suppliernumber","integer","YES",""
"sink_raw","fps__proj_subcontract",11,"dailyrate","money","YES",""
"sink_raw","fps__proj_subcontract",12,"animaldays","integer","YES",""
"sink_raw","fps__proj_subcontract",13,"fpsyear","integer","NO",""
"sink_raw","fps__project_log",1,"sequenceno","integer","NO","nextval('fps.project_log_sequenceno_seq'::regclass)"
"sink_raw","fps__project_log",2,"parentproject","character varying","NO",""
"sink_raw","fps__project_log",3,"projecttitle","character varying","NO",""
"sink_raw","fps__project_log",4,"program","character varying","NO",""
"sink_raw","fps__project_log",5,"customer","character varying","NO",""
"sink_raw","fps__project_log",6,"manager","character varying","YES",""
"sink_raw","fps__project_log",7,"transferincome","money","NO",""
"sink_raw","fps__project_log",8,"custincome","money","NO",""
"sink_raw","fps__project_log",9,"wip_eoy","money","YES",""
"sink_raw","fps__project_log",10,"wip_limit","money","YES",""
"sink_raw","fps__project_log",11,"wip_current","money","YES",""
"sink_raw","fps__project_log",12,"projectstatus","character varying","NO",""
"sink_raw","fps__project_log",13,"costbookno","character varying","YES",""
"sink_raw","fps__project_log",14,"datecreated","timestamp without time zone","YES",""
"sink_raw","fps__project_log",15,"feccost","money","YES",""
"sink_raw","fps__project_log",16,"profit","money","YES",""
"sink_raw","fps__project_log",17,"budget_cvl","money","YES",""
"sink_raw","fps__project_log",18,"datecosted","timestamp without time zone","YES",""
"sink_raw","fps__project_log",19,"disease","character varying","NO",""
"sink_raw","fps__project_log",20,"contract","character varying","NO",""
"sink_raw","fps__project_log",21,"projectparent","character varying","YES",""
"sink_raw","fps__project_log",22,"shorttitle","character varying","YES",""
"sink_raw","fps__project_log",23,"caseworksub","numeric","YES",""
"sink_raw","fps__project_log",24,"pvsincome","money","YES",""
"sink_raw","fps__project_log",25,"plancaseworkdebit","money","YES",""
"sink_raw","fps__project_log",26,"finished","smallint","YES",""
"sink_raw","fps__project_log",27,"owningrc","character varying","YES",""
"sink_raw","fps__project_log",28,"comments","text","YES",""
"sink_raw","fps__project_log",29,"carryover","money","YES",""
"sink_raw","fps__project_log",30,"carryoverseed","money","YES",""
"sink_raw","fps__project_log",31,"date_time","timestamp without time zone","YES",""
"sink_raw","fps__project_log",32,"user_id","character varying","YES",""
"sink_raw","fps__project_log",33,"insert_delete","character","YES",""
"sink_raw","fps__project_log",34,"jobcode","character varying","NO",""
"sink_raw","fps__project_log",35,"isdefraproject","smallint","YES",""
"sink_raw","fps__project_log",36,"costcentre","double precision","YES",""
"sink_raw","fps__project_log",37,"oracleprojectcode","character varying","YES",""
"sink_raw","fps__project_log",38,"subaccountcode","character varying","YES",""
"sink_raw","fps__project_log",39,"projectgroup","character varying","YES",""
"sink_raw","fps__project_log",40,"incomeaccountcode","character varying","YES",""
"sink_raw","fps__project_log",41,"fpsyear","integer","NO",""
"sink_raw","fps__projectmonth",1,"project","character varying","NO",""
"sink_raw","fps__projectmonth",2,"monthno","integer","NO",""
"sink_raw","fps__projectmonth",3,"costprofile","money","YES",""
"sink_raw","fps__projectmonth",4,"fpsyear","integer","NO",""
"sink_raw","fps__projectmonth2",1,"project","character varying","NO",""
"sink_raw","fps__projectmonth2",2,"monthno","double precision","NO",""
"sink_raw","fps__projectmonth2",3,"costprofile","money","YES",""
"sink_raw","fps__projectmonth2",4,"subcontracts","money","YES",""
"sink_raw","fps__projectmonth2",5,"animals","money","YES",""
"sink_raw","fps__projectmonth2",6,"nonanimal","money","YES",""
"sink_raw","fps__projectmonth2",7,"timecosts","double precision","YES",""
"sink_raw","fps__projectmonth2",8,"transfercosts","double precision","YES",""
"sink_raw","fps__projectmonth2",9,"totalcost","money","YES",""
"sink_raw","fps__projectmonth2",10,"invoices","money","YES",""
"sink_raw","fps__projectmonth2",11,"coiw","money","YES",""
"sink_raw","fps__projectmonth2",12,"sumofcostprofile","money","YES",""
"sink_raw","fps__projectmonth2",13,"portsales","double precision","YES",""
"sink_raw","fps__projectmonth2",14,"mstonedue","integer","YES",""
"sink_raw","fps__projectmonth2",15,"due__done","double precision","YES",""
"sink_raw","fps__projectmonth2",16,"ontime","double precision","YES",""
"sink_raw","fps__projectmonth2",17,"totalhours","double precision","YES",""
"sink_raw","fps__projectmonth2",18,"paycosts","double precision","YES",""
"sink_raw","fps__projectmonth2",19,"fpsyear","integer","NO",""
"sink_raw","fps__projectmonth3",1,"endperiod","double precision","NO",""
"sink_raw","fps__projectmonth3",2,"periodname","character varying","YES",""
"sink_raw","fps__projectmonth3",3,"project","character varying","NO",""
"sink_raw","fps__projectmonth3",4,"cumcost","money","YES",""
"sink_raw","fps__projectmonth3",5,"cuminvoices","money","YES",""
"sink_raw","fps__projectmonth3",6,"cumcoiw","money","YES",""
"sink_raw","fps__projectmonth3",7,"cumportsales","double precision","YES",""
"sink_raw","fps__projectmonth3",8,"cumprofile","money","YES",""
"sink_raw","fps__projectmonth3",9,"sumofcostprofile","money","YES",""
"sink_raw","fps__projectmonth3",10,"sumofmstonedue","double precision","YES",""
"sink_raw","fps__projectmonth3",11,"sumofdue__done","double precision","YES",""
"sink_raw","fps__projectmonth3",12,"sumofontime","double precision","YES",""
"sink_raw","fps__projectmonth3",13,"cumcwdebit","money","YES",""
"sink_raw","fps__projectmonth3",14,"cumcwcredit","money","YES",""
"sink_raw","fps__projectmonth3",15,"cumtotalhours","double precision","YES",""
"sink_raw","fps__projectmonth3",16,"cumsubcontracts","double precision","YES",""
"sink_raw","fps__projectmonth3",17,"cumtestcosts","double precision","YES",""
"sink_raw","fps__projectmonth3",18,"cumpaycosts","double precision","YES",""
"sink_raw","fps__projectmonth3",19,"fpsyear","integer","NO",""
"sink_raw","fps__projectmonthcasework",1,"project","character varying","NO",""
"sink_raw","fps__projectmonthcasework",2,"monthno","integer","NO",""
"sink_raw","fps__projectmonthcasework",3,"cwdebit","double precision","YES",""
"sink_raw","fps__projectmonthcasework",4,"cwcredit","double precision","YES",""
"sink_raw","fps__projectmonthfinal",1,"project","character varying","NO",""
"sink_raw","fps__projectmonthfinal",2,"monthno","double precision","NO",""
"sink_raw","fps__projectmonthfinal",3,"periodname","character varying","YES",""
"sink_raw","fps__projectmonthfinal",4,"cumflag","double precision","YES",""
"sink_raw","fps__projectmonthfinal",5,"costprofile","money","YES",""
"sink_raw","fps__projectmonthfinal",6,"subcontracts","money","YES",""
"sink_raw","fps__projectmonthfinal",7,"animals","money","YES",""
"sink_raw","fps__projectmonthfinal",8,"nonanimals","money","YES",""
"sink_raw","fps__projectmonthfinal",9,"timecosts","money","YES",""
"sink_raw","fps__projectmonthfinal",10,"transfercosts","money","YES",""
"sink_raw","fps__projectmonthfinal",11,"totalcost","money","YES",""
"sink_raw","fps__projectmonthfinal",12,"invoices","money","YES",""
"sink_raw","fps__projectmonthfinal",13,"coiw","money","YES",""
"sink_raw","fps__projectmonthfinal",14,"portsales","money","YES",""
"sink_raw","fps__projectmonthfinal",15,"cumcost","money","YES",""
"sink_raw","fps__projectmonthfinal",16,"cumprofile","money","YES",""
"sink_raw","fps__projectmonthfinal",17,"sumofcostprofile","money","YES",""
"sink_raw","fps__projectmonthfinal",18,"cuminvoices","money","YES",""
"sink_raw","fps__projectmonthfinal",19,"cumcoiw","money","YES",""
"sink_raw","fps__projectmonthfinal",20,"cumportsales","money","YES",""
"sink_raw","fps__projectmonthfinal",21,"mstonedue","integer","YES",""
"sink_raw","fps__projectmonthfinal",22,"due__done","double precision","YES",""
"sink_raw","fps__projectmonthfinal",23,"ontime","double precision","YES",""
"sink_raw","fps__projectmonthfinal",24,"sumofmstonedue","double precision","YES",""
"sink_raw","fps__projectmonthfinal",25,"sumofdue__done","double precision","YES",""
"sink_raw","fps__projectmonthfinal",26,"sumofontime","double precision","YES",""
"sink_raw","fps__projectmonthfinal",27,"cwdebit","money","YES",""
"sink_raw","fps__projectmonthfinal",28,"cwcredit","money","YES",""
"sink_raw","fps__projectmonthfinal",29,"cumcwdebit","money","YES",""
"sink_raw","fps__projectmonthfinal",30,"cumcwcredit","money","YES",""
"sink_raw","fps__projectmonthfinal",31,"totalhours","double precision","YES",""
"sink_raw","fps__projectmonthfinal",32,"cumtotalhours","double precision","YES",""
"sink_raw","fps__projectmonthfinal",33,"cumsubcontracts","double precision","YES",""
"sink_raw","fps__projectmonthfinal",34,"x","integer","YES",""
"sink_raw","fps__projectmonthfinal",35,"cumtestcosts","double precision","YES",""
"sink_raw","fps__projectmonthfinal",36,"paycosts","double precision","YES",""
"sink_raw","fps__projectmonthfinal",37,"cumpaycosts","double precision","YES",""
"sink_raw","fps__projectmonthfinal",38,"fpsyear","integer","NO",""
"sink_raw","fps__recreatesummaries_log",1,"id","integer","NO","nextval('fps.recreatesummaries_log_id_seq'::regclass)"
"sink_raw","fps__recreatesummaries_log",2,"userid","character varying","YES",""
"sink_raw","fps__recreatesummaries_log",3,"period","smallint","YES",""
"sink_raw","fps__recreatesummaries_log",4,"datedone","timestamp without time zone","YES",""
"sink_raw","fps__recreatesummaries_log",5,"fpsyear","integer","NO",""
"sink_raw","fps__resourcecentremonth",1,"resourcecentre","character varying","NO",""
"sink_raw","fps__resourcecentremonth",2,"monthno","integer","NO",""
"sink_raw","fps__resourcecentremonth",3,"payspent","money","YES",""
"sink_raw","fps__resourcecentremonth",4,"nonpayspent","money","YES",""
"sink_raw","fps__resourcecentremonth",5,"paybudget","money","YES",""
"sink_raw","fps__resourcecentremonth",6,"nonpaybudget","money","YES",""
"sink_raw","fps__resourcecentremonth",7,"spare1","money","YES",""
"sink_raw","fps__resourcecentremonth",8,"spare2","money","YES",""
"sink_raw","fps__resourcecentremonth",9,"spare3","money","YES",""
"sink_raw","fps__resourcecentremonth",10,"spare4","money","YES",""
"sink_raw","fps__resourcecentremonth",11,"spare5","money","YES",""
"sink_raw","fps__resourcecentremonth",12,"spare6","money","YES",""
"sink_raw","fps__staffjob_log",1,"sequenceno","integer","NO","nextval('fps.staffjob_log_sequenceno_seq'::regclass)"
"sink_raw","fps__staffjob_log",2,"staffid","character varying","NO",""
"sink_raw","fps__staffjob_log",3,"jobcode","character varying","NO",""
"sink_raw","fps__staffjob_log",4,"plannedhours","double precision","NO",""
"sink_raw","fps__staffjob_log",5,"date_time","timestamp without time zone","YES",""
"sink_raw","fps__staffjob_log",6,"user_id","character varying","YES",""
"sink_raw","fps__staffjob_log",7,"insert_delete","character","YES",""
"sink_raw","fps__staffjob_log",8,"fpsyear","integer","NO",""
"sink_raw","fps__tbladditionalcosts",1,"jobcode","USER-DEFINED","NO",""
"sink_raw","fps__tbladditionalcosts",2,"account","USER-DEFINED","NO",""
"sink_raw","fps__tbladditionalcosts",3,"description","character varying","NO",""
"sink_raw","fps__tbladditionalcosts",4,"itemcost","money","NO","0"
"sink_raw","fps__tbladditionalcosts",5,"freq","character varying","YES",""
"sink_raw","fps__tbladditionalcosts",6,"supplier","character varying","YES",""
"sink_raw","fps__tbladditionalcosts",7,"fpsyear","integer","NO",""
"sink_raw","fps__tbladminusers",1,"mnumber","character varying","NO",""
"sink_raw","fps__tbladminusers",2,"name","character varying","NO",""
"sink_raw","fps__tbladminusers",3,"seedeptincome","boolean","NO","false"
"sink_raw","fps__tbladminusers",4,"seedbwindow","boolean","NO","false"
"sink_raw","fps__tbladminusers",5,"dt2number","character varying","YES",""
"sink_raw","fps__tbladminusers",6,"fpsyear","integer","NO",""
"sink_raw","fps__tblanimalreq",1,"jobcode","USER-DEFINED","NO",""
"sink_raw","fps__tblanimalreq",2,"animaltype","USER-DEFINED","NO",""
"sink_raw","fps__tblanimalreq",3,"numberofdays","double precision","NO","0"
"sink_raw","fps__tblanimalreq",4,"numberofanimals","double precision","NO","0"
"sink_raw","fps__tblanimalreq",5,"indcounter","integer","NO","nextval('fps.tblanimalreq_indcounter_seq'::regclass)"
"sink_raw","fps__tblanimalreq",6,"fpsyear","integer","NO",""
"sink_raw","fps__tblanimals",1,"animaltype","USER-DEFINED","NO",""
"sink_raw","fps__tblanimals",2,"species","character varying","YES",""
"sink_raw","fps__tblanimals",3,"security_level","character varying","YES",""
"sink_raw","fps__tblanimals",4,"dailyrate","money","YES",""
"sink_raw","fps__tblanimals",5,"planbyweek","boolean","NO","false"
"sink_raw","fps__tblanimals",6,"defradailyrate","money","YES",""
"sink_raw","fps__tblanimals",7,"fpsyear","integer","NO",""
"sink_raw","fps__tblbid",1,"workgroup","USER-DEFINED","NO",""
"sink_raw","fps__tblbid",2,"account","USER-DEFINED","NO",""
"sink_raw","fps__tblbid",3,"genbid","money","NO","0"
"sink_raw","fps__tblbid",4,"fpsyear","integer","NO",""
"sink_raw","fps__tblcategory",1,"category","USER-DEFINED","NO",""
"sink_raw","fps__tblcbsummary",1,"cbproject","character varying","NO",""
"sink_raw","fps__tblcbsummary",2,"financialyear","smallint","NO",""
"sink_raw","fps__tblcbsummary",3,"cbprojecttitle","character varying","YES",""
"sink_raw","fps__tblcbsummary",4,"startdate","date","NO",""
"sink_raw","fps__tblcbsummary",5,"animalcost","money","YES",""
"sink_raw","fps__tblcbsummary",6,"testcost","money","YES",""
"sink_raw","fps__tblcbsummary",7,"staffcost","money","YES",""
"sink_raw","fps__tblcbsummary",8,"linecost","money","YES",""
"sink_raw","fps__tblcontract",1,"contractno","USER-DEFINED","NO",""
"sink_raw","fps__tblcontract",2,"category","USER-DEFINED","NO",""
"sink_raw","fps__tblcontract",3,"manager","character varying","YES",""
"sink_raw","fps__tblcontract",4,"customer","USER-DEFINED","YES",""
"sink_raw","fps__tblcontract",5,"title","character varying","YES",""
"sink_raw","fps__tblcontract",6,"registereddate","date","YES",""
"sink_raw","fps__tblcontract",7,"startdate","date","YES",""
"sink_raw","fps__tblcontract",8,"enddate","date","YES",""
"sink_raw","fps__tblcontract",9,"contractdoc","bytea","YES",""
"sink_raw","fps__tblcontract",10,"duration","integer","YES",""
"sink_raw","fps__tblcontract",11,"fpsyear","integer","NO",""
"sink_raw","fps__tblcurrentmonth",1,"currentmonth","integer","YES",""
"sink_raw","fps__tbldb_variables",1,"db_var_name","character varying","NO",""
"sink_raw","fps__tbldb_variables",2,"db_var_value","character varying","YES",""
"sink_raw","fps__tbldisease",1,"disease","USER-DEFINED","NO",""
"sink_raw","fps__tblemployee",1,"spnumber","USER-DEFINED","NO",""
"sink_raw","fps__tblemployee",2,"firstname","character varying","YES",""
"sink_raw","fps__tblemployee",3,"lastname","character varying","YES",""
"sink_raw","fps__tblemployee",4,"title","character varying","YES",""
"sink_raw","fps__tblemployee",5,"fpsyear","integer","NO",""
"sink_raw","fps__tblkpaccountcategory",1,"accshortname","USER-DEFINED","NO",""
"sink_raw","fps__tblkpaccountcategory",2,"accountdescription","character varying","YES",""
"sink_raw","fps__tblkpaccountcategory",3,"constituentaccountcodes","character varying","YES",""
"sink_raw","fps__tblkpaccountcategory",4,"accounttype","USER-DEFINED","NO",""
"sink_raw","fps__tblkpaccountcategory",5,"projectspecific","integer","YES",""
"sink_raw","fps__tblkpaccountcategory",6,"rcspecific","integer","YES",""
"sink_raw","fps__tblkpaccountcategory",7,"csg7_group","character","YES",""
"sink_raw","fps__tblkpaccountcategory",8,"fpsyear","integer","NO",""
"sink_raw","fps__tblkpmonth",1,"monthnumber","smallint","YES",""
"sink_raw","fps__tblkpmonth",2,"monthname","character varying","YES",""
"sink_raw","fps__tblkpplanningcategory",1,"planningcategory","USER-DEFINED","NO",""
"sink_raw","fps__tblkpplanningcategory",2,"plancategorydesc","character varying","YES",""
"sink_raw","fps__tblkpplanningcategory",3,"customergroup","character varying","YES",""
"sink_raw","fps__tblkpplanningcategory",4,"corporate","character varying","YES",""
"sink_raw","fps__tblkpplanningcategory",5,"divisional","character varying","YES",""
"sink_raw","fps__tblkpprofitcentre",1,"profitcentre","USER-DEFINED","NO",""
"sink_raw","fps__tblkpprofitcentre",2,"profitcentrename","character varying","NO",""
"sink_raw","fps__tblkpprofitcentre",3,"division","USER-DEFINED","NO","0"
"sink_raw","fps__tblkpprofitcentre",4,"conttarget","money","YES","0"
"sink_raw","fps__tblkpprofitcentre",5,"profitcentrehead","character varying","YES",""
"sink_raw","fps__tblkpprofitcentre",6,"divisionid","integer","YES","0"
"sink_raw","fps__tblkpprofitcentre",7,"email_recipient","character varying","YES",""
"sink_raw","fps__tblkpprofitcentre",8,"timesheetlayout","smallint","YES",""
"sink_raw","fps__tblkpprofitcentre",9,"timesheet","integer","YES",""
"sink_raw","fps__tblkpprofitcentre",10,"outputsheet","integer","YES",""
"sink_raw","fps__tblkpprofitcentre",11,"pactcoordinatoremailname","character varying","YES",""
"sink_raw","fps__tblkpprofitcentre",12,"highlevelsummary","bytea","YES",""
"sink_raw","fps__tblmtconversion",1,"oldproject","character varying","NO",""
"sink_raw","fps__tblmtconversion",2,"oldcode","character varying","NO",""
"sink_raw","fps__tblmtconversion",3,"newproject","character varying","NO",""
"sink_raw","fps__tblmtconversion",4,"newcode","character varying","NO",""
"sink_raw","fps__tblmtconversion",5,"percentage","double precision","YES",""
"sink_raw","fps__tblmtconversion",6,"hours","double precision","YES",""
"sink_raw","fps__tblpaymentschedule",1,"contract","USER-DEFINED","NO",""
"sink_raw","fps__tblpaymentschedule",2,"duedate","timestamp without time zone","NO",""
"sink_raw","fps__tblpaymentschedule",3,"paid","smallint","NO",""
"sink_raw","fps__tblpaymentschedule",4,"fpsyear","integer","NO",""
"sink_raw","fps__tblperiod",1,"periodname","character varying","NO",""
"sink_raw","fps__tblperiod",2,"periodtype","character varying","YES",""
"sink_raw","fps__tblperiod",3,"startperiod","double precision","YES",""
"sink_raw","fps__tblperiod",4,"endperiod","double precision","YES",""
"sink_raw","fps__tblperiod",5,"finalsummariesrun","smallint","YES",""
"sink_raw","fps__tblperiod",6,"periodlocked","smallint","NO","0"
"sink_raw","fps__tblperiod",7,"fpsyear","integer","NO",""
"sink_raw","fps__tblperiodmonth",1,"endmonth","double precision","NO",""
"sink_raw","fps__tblperiodmonth",2,"monthno","double precision","NO",""
"sink_raw","fps__tblpostmortem1report",1,"testcode","character varying","NO",""
"sink_raw","fps__tblpostmortem1report",2,"itemdescription","character","YES",""
"sink_raw","fps__tblpostmortem1report",3,"totvol","integer","YES",""
"sink_raw","fps__tblpostmortem1report",4,"ltunitcharge","money","YES",""
"sink_raw","fps__tblpostmortem1report",5,"sdunitcharge","money","YES",""
"sink_raw","fps__tblpostmortem1report",6,"ltfee","money","YES",""
"sink_raw","fps__tblpostmortem1report",7,"sdfee","money","YES",""
"sink_raw","fps__tblpostmortem1report",8,"total fee","money","YES",""
"sink_raw","fps__tblpostmortem1report",9,"fee charged","money","YES",""
"sink_raw","fps__tblpostmortem1report",10,"profit/loss","money","YES",""
"sink_raw","fps__tblpostmortem1report",11,"workgroup","character varying","YES",""
"sink_raw","fps__tblpurchase",1,"workgroup","USER-DEFINED","NO",""
"sink_raw","fps__tblpurchase",2,"account","USER-DEFINED","NO",""
"sink_raw","fps__tblpurchase",3,"itemdescription","character varying","NO",""
"sink_raw","fps__tblpurchase",4,"amount","money","NO","0"
"sink_raw","fps__tblpurchase",5,"fpsyear","integer","NO",""
"sink_raw","fps__tblsettings",1,"id","character varying","NO",""
"sink_raw","fps__tblsettings",2,"setting","character varying","YES",""
"sink_raw","fps__tblsettings",3,"notes","text","YES",""
"sink_raw","fps__tblsettings",4,"fpsyear","integer","NO",""
"sink_raw","fps__tblsettings",5,"updated_by","character varying","YES",""
"sink_raw","fps__tblsettings",6,"updated_at","timestamp with time zone","NO","now()"
"sink_raw","fps__tblstaffjob",1,"staffid","USER-DEFINED","NO",""
"sink_raw","fps__tblstaffjob",2,"jobcode","USER-DEFINED","NO",""
"sink_raw","fps__tblstaffjob",3,"plannedhours","double precision","NO","0"
"sink_raw","fps__tblstaffjob",4,"fpsyear","integer","NO",""
"sink_raw","fps__tblstagingmonthlyoutput",1,"testcode","USER-DEFINED","NO",""
"sink_raw","fps__tblstagingmonthlyoutput",2,"buyer","USER-DEFINED","NO",""
"sink_raw","fps__tblstagingmonthlyoutput",3,"month","double precision","NO",""
"sink_raw","fps__tblstagingmonthlyoutput",4,"workgroup","USER-DEFINED","NO",""
"sink_raw","fps__tblstagingmonthlyoutput",5,"volume","double precision","YES",""
"sink_raw","fps__tblstagingmonthlyoutput",6,"failurecomments","USER-DEFINED","YES",""
"sink_raw","fps__tblstagingmonthlyoutput",7,"passed","boolean","YES",""
"sink_raw","fps__tblstagingmonthlytime",1,"pactstaffid","USER-DEFINED","YES",""
"sink_raw","fps__tblstagingmonthlytime",2,"timecode","USER-DEFINED","YES",""
"sink_raw","fps__tblstagingmonthlytime",3,"parentproject","USER-DEFINED","YES",""
"sink_raw","fps__tblstagingmonthlytime",4,"month","double precision","YES",""
"sink_raw","fps__tblstagingmonthlytime",5,"workgroup","USER-DEFINED","YES",""
"sink_raw","fps__tblstagingmonthlytime",6,"hours","USER-DEFINED","YES",""
"sink_raw","fps__tblstagingmonthlytime",7,"failurecomments","USER-DEFINED","YES",""
"sink_raw","fps__tblstagingmonthlytime",8,"passed","boolean","YES",""
"sink_raw","fps__tblstagingmonthlytime",9,"pactid","USER-DEFINED","YES",""
"sink_raw","fps__tblstagingmonthlytime",10,"newworkgroup","USER-DEFINED","YES",""
"sink_raw","fps__tblstagingmonthlytime",11,"oldtestcode","USER-DEFINED","YES",""
"sink_raw","fps__tblstagingmonthlytime",12,"name","USER-DEFINED","YES",""
"sink_raw","fps__tblstagingpurchaselocal",1,"workgroup","USER-DEFINED","YES",""
"sink_raw","fps__tblstagingpurchaselocal",2,"account","USER-DEFINED","YES",""
"sink_raw","fps__tblstagingpurchaselocal",3,"itemdescription","character varying","YES",""
"sink_raw","fps__tblstagingpurchaselocal",4,"amount","money","YES",""
"sink_raw","fps__tblstatus",1,"status","USER-DEFINED","NO",""
"sink_raw","fps__tblsurvff_fees",1,"pactcode","character varying","NO",""
"sink_raw","fps__tblsurvff_fees",2,"owning_vic","character varying","NO",""
"sink_raw","fps__tblsurvff_fees",3,"received","timestamp without time zone","YES",""
"sink_raw","fps__tblsurvff_fees",4,"contract","character varying","NO",""
"sink_raw","fps__tblsurvff_fees",5,"record_id","character varying","NO",""
"sink_raw","fps__tblsurvff_fees",6,"volume","double precision","YES",""
"sink_raw","fps__tblsurvff_fees",7,"totalfee","money","YES",""
"sink_raw","fps__tblsurvff_fees",8,"fpsyear","integer","NO",""
"sink_raw","fps__tblsurvff_submissions",1,"sd_pact_wg","character varying","NO",""
"sink_raw","fps__tblsurvff_submissions",2,"contract","character varying","NO",""
"sink_raw","fps__tblsurvff_submissions",3,"countofjobname","integer","YES",""
"sink_raw","fps__tblsurvff_submissions",4,"fpsyear","integer","NO",""
"sink_raw","fps__tbltestrccost",1,"testcode","USER-DEFINED","NO",""
"sink_raw","fps__tbltestrccost",2,"profitcentre","USER-DEFINED","NO",""
"sink_raw","fps__tbltestrccost",3,"price","money","NO","0"
"sink_raw","fps__tbltestrccost",4,"fpsyear","integer","NO",""
"sink_raw","fps__tbltestreqbaseline",1,"program","character varying","NO",""
"sink_raw","fps__tbltestreqbaseline",2,"testcode","character varying","NO",""
"sink_raw","fps__tbltestreqbaseline",3,"buyer","character varying","NO",""
"sink_raw","fps__tbltestreqbaseline",4,"norequired","integer","YES",""
"sink_raw","fps__tbltestreqbaseline",5,"unitprice","money","YES",""
"sink_raw","fps__tbltestreqbaseline",6,"fpsyear","integer","NO",""
"sink_raw","fps__tbltestrequirementrccost",1,"testcode","USER-DEFINED","NO",""
"sink_raw","fps__tbltestrequirementrccost",2,"buyer","USER-DEFINED","NO",""
"sink_raw","fps__tbltestrequirementrccost",3,"profitcentre","USER-DEFINED","NO",""
"sink_raw","fps__tbltestrequirementrccost",4,"price","money","NO",""
"sink_raw","fps__tbltestrequirementrccost",5,"fpsyear","integer","NO",""
"sink_raw","fps__tbltestreqwg",1,"testcode","character varying","NO",""
"sink_raw","fps__tbltestreqwg",2,"buyer","character varying","NO",""
"sink_raw","fps__tbltestreqwg",3,"workgroup","character varying","NO",""
"sink_raw","fps__tbltestreqwg",4,"amount","integer","YES","0"
"sink_raw","fps__tbltestreqwg",5,"fpsyear","integer","NO",""
"sink_raw","fps__tbltotalbusinessoverheads",1,"totalbusinessoverheads","money","YES",""
"sink_raw","fps__tbltotalbusinessoverheads",2,"fpsyear","integer","NO",""
"sink_raw","fps__tbluser_category",1,"user_id","integer","NO",""
"sink_raw","fps__tbluser_category",2,"category","character varying","NO",""
"sink_raw","fps__tbluser_category",3,"fpsyear","integer","NO",""
"sink_raw","fps__tbluser_profitcentre",1,"profitcentre","character varying","NO",""
"sink_raw","fps__tbluser_profitcentre",2,"user_id","integer","NO",""
"sink_raw","fps__tbluser_profitcentre",3,"fpsyear","integer","NO",""
"sink_raw","fps__tbluser_program",1,"user_id","integer","NO",""
"sink_raw","fps__tbluser_program",2,"programno","character varying","NO",""
"sink_raw","fps__tbluser_program",3,"fpsyear","integer","NO",""
"sink_raw","fps__tbluser_projectgroup",1,"user_id","integer","NO",""
"sink_raw","fps__tbluser_projectgroup",2,"projectgroup","character varying","NO",""
"sink_raw","fps__tbluser_projectgroup",3,"fpsyear","integer","NO",""
"sink_raw","fps__tbluser_testowner",1,"user_id","integer","NO",""
"sink_raw","fps__tbluser_testowner",2,"test_owner","character varying","NO",""
"sink_raw","fps__tbluser_testowner",3,"fpsyear","integer","NO",""
"sink_raw","fps__tbluser_workgroup",1,"workgroup","character varying","NO",""
"sink_raw","fps__tbluser_workgroup",2,"user_id","integer","NO",""
"sink_raw","fps__tblusers",1,"user_id","integer","NO","nextval('fps.tblusers_user_id_seq'::regclass)"
"sink_raw","fps__tblusers",2,"username","character varying","YES",""
"sink_raw","fps__tblusers",3,"agencyid","integer","YES",""
"sink_raw","fps__tblusers",4,"frmwarning","boolean","NO","false"
"sink_raw","fps__tblusers",5,"comments","character varying","YES",""
"sink_raw","fps__tblusers",6,"dt2username","character varying","YES",""
"sink_raw","fps__tblusers",7,"useremail","character varying","YES",""
"sink_raw","fps__tblwgemployee",1,"pactid","USER-DEFINED","NO",""
"sink_raw","fps__tblwgemployee",2,"spnumber","USER-DEFINED","NO",""
"sink_raw","fps__tblwgemployee",3,"workgroupgrade","USER-DEFINED","NO",""
"sink_raw","fps__tblwgemployee",4,"personstatus","character varying","NO","'A'::character varying"
"sink_raw","fps__tblwgemployee",5,"personclass","character varying","YES",""
"sink_raw","fps__tblwgemployee",6,"hrspaid","double precision","NO",""
"sink_raw","fps__tblwgemployee",7,"leave","double precision","NO",""
"sink_raw","fps__tblwgemployee",8,"sickspecial","double precision","NO",""
"sink_raw","fps__tblwgemployee",9,"hrsavail","double precision","NO",""
"sink_raw","fps__tblwgemployee",10,"makeavailable","integer","NO","'-1'::integer"
"sink_raw","fps__tblwgemployee",11,"timerecorder","integer","NO","0"
"sink_raw","fps__tblwgemployee",12,"startdate","date","YES",""
"sink_raw","fps__tblwgemployee",13,"enddate","date","YES",""
"sink_raw","fps__tblwgemployee",14,"hoursperweek","double precision","YES",""
"sink_raw","fps__tblwgemployee",15,"fpsyear","integer","NO",""
"sink_raw","fps__tblyearmaster",1,"fpsyear","integer","NO",""
"sink_raw","fps__tblyearmaster",2,"fpsyearcode","character varying","NO",""
"sink_raw","fps__tblyearmaster",3,"yearstatus","character varying","NO",""
"sink_raw","fps__tblyearmaster",4,"remarks","text","YES",""
"sink_raw","fps__tblyearmaster",5,"active","boolean","NO","true"
"sink_raw","fps__tblyearmaster",6,"createdon","timestamp with time zone","NO","now()"
"sink_raw","fps__tblyearmaster",7,"createdby","character varying","YES",""
"sink_raw","fps__testorproduct",1,"itemcode","USER-DEFINED","NO",""
"sink_raw","fps__testorproduct",2,"itemdescription","character varying","YES",""
"sink_raw","fps__testorproduct",3,"testmanager","character varying","YES",""
"sink_raw","fps__testorproduct",4,"jobstatus","character varying","YES",""
"sink_raw","fps__testorproduct",5,"unitpricevla","money","YES","0"
"sink_raw","fps__testorproduct",6,"priceahvg","money","YES",""
"sink_raw","fps__testorproduct",7,"owner","character varying","YES",""
"sink_raw","fps__testorproduct",8,"chargemethod","character varying","YES",""
"sink_raw","fps__testorproduct",9,"shortdescription","character","YES",""
"sink_raw","fps__testorproduct",10,"defraunitprice","money","NO","0"
"sink_raw","fps__testorproduct",11,"fpsyear","integer","NO",""
"sink_raw","fps__testreq_log",1,"sequenceno","integer","NO","nextval('fps.testreq_log_sequenceno_seq'::regclass)"
"sink_raw","fps__testreq_log",2,"testcode","character varying","YES",""
"sink_raw","fps__testreq_log",3,"buyer","character varying","YES",""
"sink_raw","fps__testreq_log",4,"unitprice","double precision","YES",""
"sink_raw","fps__testreq_log",5,"norequired","integer","YES",""
"sink_raw","fps__testreq_log",6,"projectbuyercode","character varying","YES",""
"sink_raw","fps__testreq_log",7,"testbuyercode","character varying","YES",""
"sink_raw","fps__testreq_log",8,"active","smallint","YES",""
"sink_raw","fps__testreq_log",9,"date_time","timestamp without time zone","YES",""
"sink_raw","fps__testreq_log",10,"user_id","character varying","YES",""
"sink_raw","fps__testreq_log",11,"insert_delete","character","YES",""
"sink_raw","fps__testreq_log",12,"jobcode","character varying","YES",""
"sink_raw","fps__testreq_log",13,"fpsyear","integer","NO",""
"sink_raw","fps__timecodevalid",1,"timecode","USER-DEFINED","NO",""
"sink_raw","fps__timecodevalid",2,"workgroup","USER-DEFINED","NO",""
"sink_raw","fps__timecodevalid",3,"parentproject","USER-DEFINED","NO",""
"sink_raw","fps__timecodevalid",4,"testcode","character varying","YES",""
"sink_raw","fps__timecodevalid",5,"jobcode","character varying","YES",""
"sink_raw","fps__timecodevalid",6,"portfolio","character varying","YES",""
"sink_raw","fps__timecodevalid",7,"active","boolean","NO",""
"sink_raw","fps__timecodevalid",8,"fpsyear","integer","NO",""
"sink_raw","fps__timecostcalcs",1,"workgroup","character varying","NO",""
"sink_raw","fps__timecostcalcs",2,"jobcode","character varying","NO",""
"sink_raw","fps__timecostcalcs",3,"project","character varying","NO",""
"sink_raw","fps__timecostcalcs",4,"month","double precision","NO",""
"sink_raw","fps__timecostcalcs",5,"staffid","character varying","NO",""
"sink_raw","fps__timecostcalcs",6,"gradecode","character varying","YES",""
"sink_raw","fps__timecostcalcs",7,"name","character varying","YES",""
"sink_raw","fps__timecostcalcs",8,"chargerate","money","YES",""
"sink_raw","fps__timecostcalcs",9,"class","character varying","YES",""
"sink_raw","fps__timecostcalcs",10,"time","double precision","YES",""
"sink_raw","fps__timecostcalcs",11,"cost","double precision","YES",""
"sink_raw","fps__timecostcalcs",12,"division","character varying","YES",""
"sink_raw","fps__timecostcalcs",13,"jobcodeold","character varying","YES",""
"sink_raw","fps__timecostcalcs",14,"pay","money","YES",""
"sink_raw","fps__timecostcalcs",15,"nonpay","money","YES",""
"sink_raw","fps__timecostcalcs",16,"overhead","money","YES",""
"sink_raw","fps__timecostcalcs",17,"fpsyear","integer","NO",""
"sink_raw","fps__tlkpaccountcode",1,"code","USER-DEFINED","NO",""
"sink_raw","fps__tlkpaccountcode",2,"description","character varying","NO",""
"sink_raw","fps__tlkpagency",1,"agencyid","integer","NO","nextval('fps.tlkpagency_agencyid_seq'::regclass)"
"sink_raw","fps__tlkpagency",2,"agencyname","character varying","NO",""
"sink_raw","fps__tlkpcustomer",1,"customer","USER-DEFINED","NO",""
"sink_raw","fps__tlkpdivision",1,"divisionid","integer","YES",""
"sink_raw","fps__tlkpdivision",2,"agencyid","integer","NO",""
"sink_raw","fps__tlkpdivision",3,"divname","USER-DEFINED","NO",""
"sink_raw","fps__tlkpdivision",4,"centoverhead","money","YES","0"
"sink_raw","fps__tlkpjobcode",1,"jobcode","character varying","NO",""
"sink_raw","fps__tlkpjobcode",2,"parentproject","USER-DEFINED","YES",""
"sink_raw","fps__tlkpjobcode",3,"jobcodeworkgroup","character varying","YES",""
"sink_raw","fps__tlkpjobcode",4,"newprog","character varying","YES",""
"sink_raw","fps__tlkpjobcode",5,"type","character varying","YES",""
"sink_raw","fps__tlkpjobcode",6,"jobcodename","character varying","YES",""
"sink_raw","fps__tlkpjobcode",7,"fpsyear","integer","NO",""
"sink_raw","fps__tlkpmanager",1,"manager","character varying","NO",""
"sink_raw","fps__tlkpmanager",2,"title","character varying","YES",""
"sink_raw","fps__tlkpmanager",3,"workgroup","character varying","NO",""
"sink_raw","fps__tlkpmanager",4,"gradecode","character varying","NO",""
"sink_raw","fps__tlkpmanager",5,"fpsyear","integer","NO",""
"sink_raw","fps__tlkpmonth",1,"monthnumber","smallint","YES",""
"sink_raw","fps__tlkpmonth",2,"monthname","character varying","YES",""
"sink_raw","fps__tlkpmonth",3,"accntsperiod","smallint","YES",""
"sink_raw","fps__tlkpmonth",4,"fquarter","smallint","YES",""
"sink_raw","fps__tlkpmonthhours",1,"year","smallint","NO",""
"sink_raw","fps__tlkpmonthhours",2,"month","smallint","NO",""
"sink_raw","fps__tlkpmonthhours",3,"days","numeric","YES",""
"sink_raw","fps__tlkpmonthhours",4,"cvlhours","numeric","YES",""
"sink_raw","fps__tlkpmonthhours",5,"vidhours","numeric","YES",""
"sink_raw","fps__tlkpmonthhours",6,"fmonth","smallint","YES",""
"sink_raw","fps__tlkpmonthhours",7,"fpsyear","integer","NO",""
"sink_raw","fps__tlkpprogram",1,"programno","USER-DEFINED","NO",""
"sink_raw","fps__tlkpprogram",2,"programname","character varying","YES",""
"sink_raw","fps__tlkpprogram",3,"directorate","character varying","YES",""
"sink_raw","fps__tlkpprogram",4,"minim","character varying","YES",""
"sink_raw","fps__tlkpprogram",5,"sector_name","character varying","YES","'Charge'::character varying"
"sink_raw","fps__tlkpprogram",6,"customer","character varying","YES",""
"sink_raw","fps__tlkpprogram",7,"target","money","YES","0"
"sink_raw","fps__tlkpprogram",8,"manager","character varying","YES",""
"sink_raw","fps__tlkpprogram",9,"fpsyear","integer","NO",""
"sink_raw","fps__tlkpproject",1,"parentproject","USER-DEFINED","NO",""
"sink_raw","fps__tlkpproject",2,"projecttitle","character varying","NO",""
"sink_raw","fps__tlkpproject",3,"program","USER-DEFINED","NO",""
"sink_raw","fps__tlkpproject",4,"customer","USER-DEFINED","NO",""
"sink_raw","fps__tlkpproject",5,"manager","character varying","YES",""
"sink_raw","fps__tlkpproject",6,"transferincome","money","NO",""
"sink_raw","fps__tlkpproject",7,"custincome","money","NO",""
"sink_raw","fps__tlkpproject",8,"wip_eoy","money","YES","0"
"sink_raw","fps__tlkpproject",9,"wip_limit","money","YES",""
"sink_raw","fps__tlkpproject",10,"wip_current","money","YES",""
"sink_raw","fps__tlkpproject",11,"projectstatus","USER-DEFINED","NO",""
"sink_raw","fps__tlkpproject",12,"costbookno","character varying","YES",""
"sink_raw","fps__tlkpproject",13,"datecreated","timestamp without time zone","YES","CURRENT_TIMESTAMP"
"sink_raw","fps__tlkpproject",14,"feccost","money","YES","0"
"sink_raw","fps__tlkpproject",15,"profit","money","YES","0"
"sink_raw","fps__tlkpproject",16,"budget_cvl","money","YES","0"
"sink_raw","fps__tlkpproject",17,"datecosted","timestamp without time zone","YES",""
"sink_raw","fps__tlkpproject",18,"disease","USER-DEFINED","NO",""
"sink_raw","fps__tlkpproject",19,"contract","USER-DEFINED","NO","0"
"sink_raw","fps__tlkpproject",20,"projectparent","character varying","YES",""
"sink_raw","fps__tlkpproject",21,"shorttitle","character varying","YES",""
"sink_raw","fps__tlkpproject",22,"caseworksub","numeric","YES",""
"sink_raw","fps__tlkpproject",23,"pvsincome","money","YES",""
"sink_raw","fps__tlkpproject",24,"plancaseworkdebit","money","YES",""
"sink_raw","fps__tlkpproject",25,"finished","smallint","YES","0"
"sink_raw","fps__tlkpproject",26,"owningrc","character varying","YES",""
"sink_raw","fps__tlkpproject",27,"comments","text","YES",""
"sink_raw","fps__tlkpproject",28,"carryover","money","YES",""
"sink_raw","fps__tlkpproject",29,"carryoverseed","money","YES",""
"sink_raw","fps__tlkpproject",30,"isdefraproject","smallint","NO",""
"sink_raw","fps__tlkpproject",31,"costcentre","double precision","YES",""
"sink_raw","fps__tlkpproject",32,"oracleprojectcode","character varying","YES",""
"sink_raw","fps__tlkpproject",33,"subaccountcode","USER-DEFINED","YES",""
"sink_raw","fps__tlkpproject",34,"projectgroup","USER-DEFINED","YES",""
"sink_raw","fps__tlkpproject",35,"incomeaccountcode","USER-DEFINED","NO",""
"sink_raw","fps__tlkpproject",36,"fpsyear","integer","NO",""
"sink_raw","fps__tlkpprojectgroup",1,"projectgroup","USER-DEFINED","NO",""
"sink_raw","fps__tlkpprojectgroup",2,"fpsyear","integer","NO",""
"sink_raw","fps__tlkpsubaccount",1,"subaccountcode","USER-DEFINED","NO",""
"sink_raw","fps__tlkpsubaccount",2,"subaccount","character varying","YES",""
"sink_raw","fps__tlkptestcapability",1,"testcode","USER-DEFINED","NO",""
"sink_raw","fps__tlkptestcapability",2,"workgroup","USER-DEFINED","NO",""
"sink_raw","fps__tlkptestcapability",3,"planportfolio","USER-DEFINED","NO",""
"sink_raw","fps__tlkptestcapability",4,"unitcost","money","YES","0"
"sink_raw","fps__tlkptestcapability",5,"predoutturn","double precision","YES","0"
"sink_raw","fps__tlkptestcapability",6,"sop","character varying","YES",""
"sink_raw","fps__tlkptestcapability",7,"smscode","character varying","YES",""
"sink_raw","fps__tlkptestcapability",8,"fpsyear","integer","NO",""
"sink_raw","fps__tlkptestreqmt",1,"testcode","USER-DEFINED","NO",""
"sink_raw","fps__tlkptestreqmt",2,"buyer","USER-DEFINED","NO",""
"sink_raw","fps__tlkptestreqmt",3,"unitprice","money","YES",""
"sink_raw","fps__tlkptestreqmt",4,"norequired","double precision","YES",""
"sink_raw","fps__tlkptestreqmt",5,"projectbuyercode","character varying","YES",""
"sink_raw","fps__tlkptestreqmt",6,"testbuyercode","character varying","YES",""
"sink_raw","fps__tlkptestreqmt",7,"datecreated","timestamp without time zone","YES","CURRENT_TIMESTAMP"
"sink_raw","fps__tlkptestreqmt",8,"active","smallint","YES","1"
"sink_raw","fps__tlkptestreqmt",9,"fpsyear","integer","NO",""
"sink_raw","fps__tlkpversion",1,"version","integer","YES",""
"sink_raw","fps__tlkpversion",2,"x","bytea","YES",""
"sink_raw","fps__tlkpversion",3,"islive","integer","YES",""
"sink_raw","fps__workgroup",1,"workgroup","USER-DEFINED","NO",""
"sink_raw","fps__workgroup",2,"profitcentre","USER-DEFINED","NO",""
"sink_raw","fps__workgroup",3,"costcentre","double precision","YES",""
"sink_raw","fps__workgroup",4,"owner","character varying","YES",""
"sink_raw","fps__workgroup",5,"description","character varying","YES",""
"sink_raw","fps__workgroup",6,"centraloverhead","money","YES","0"
"sink_raw","fps__workgroup",7,"sendemail","smallint","YES",""
"sink_raw","fps__workgroup",8,"cos90","smallint","YES",""
"sink_raw","fps__workgroup",9,"costcentreold","double precision","YES",""
"sink_raw","fps__workgroup",10,"email_recipient","character varying","YES",""
"sink_raw","fps__workgroup",11,"fpsyear","integer","NO",""
"sink_raw","fps__workgroupgrade",1,"wggrade","USER-DEFINED","NO",""
"sink_raw","fps__workgroupgrade",2,"profitcentregrade","USER-DEFINED","NO",""
"sink_raw","fps__workgroupgrade",3,"gradecode","USER-DEFINED","NO",""
"sink_raw","fps__workgroupgrade",4,"workgroup","USER-DEFINED","NO",""
"sink_raw","fps__workgroupgrade",5,"chargeratewg","money","YES",""
"sink_raw","fps__workgroupgrade",6,"directratewg","money","YES","0"
"sink_raw","fps__workgroupgrade",7,"payratewg","money","YES","0"
"sink_raw","fps__workgroupgrade",8,"nprwg","money","YES","0"
"sink_raw","fps__workgroupgrade",9,"ohrwg","money","YES","0"
"sink_raw","fps__workgroupgrade",10,"avsalary","money","YES","0"
"sink_raw","fps__workgroupgrade",11,"hrschangedby","character varying","YES",""
"sink_raw","fps__workgroupgrade",12,"fpsyear","integer","NO",""
"sink_raw","fps__workgroupmonth",1,"workgroup","character varying","NO",""
"sink_raw","fps__workgroupmonth",2,"month","double precision","NO",""
"sink_raw","fps__workgroupmonth",3,"runningcost","money","NO",""
"sink_raw","fps__workgroupmonth",4,"runcostprofile","money","NO",""
"sink_raw","fps__workgroupmonth",5,"fpsyear","integer","NO",""
"sink_raw","mabarchive__g_tlkpproject",1,"parentproject","character varying","NO",""
"sink_raw","mabarchive__g_tlkpproject",2,"projecttitle","character varying","YES",""
"sink_raw","mabarchive__g_tlkpproject",3,"costbookno","character varying","YES",""
"sink_raw","mabarchive__g_tlkpproject",4,"disease","character varying","YES",""
"sink_raw","mabarchive__g_tlkpproject",5,"contract","character varying","YES",""
"sink_raw","mabarchive__g_tlkpproject",6,"shorttitle","character varying","YES",""
"sink_raw","mabarchive__g_tlkpproject",7,"projectstatus","character varying","YES",""
"sink_raw","mabarchive__g_tlkpproject_radtrackdata",1,"parentproject","character varying","NO",""
"sink_raw","mabarchive__g_tlkpproject_radtrackdata",2,"version","character varying","YES",""
"sink_raw","mabarchive__g_tlkpproject_radtrackdata",3,"fileref","character varying","YES",""
"sink_raw","mabarchive__g_tlkpproject_radtrackdata",4,"customerref","character varying","YES",""
"sink_raw","mabarchive__g_tlkpproject_radtrackdata",5,"startdate","date","YES",""
"sink_raw","mabarchive__g_tlkpproject_radtrackdata",6,"enddate","date","YES",""
"sink_raw","mabarchive__g_tlkpproject_radtrackdata",7,"finalreportreceived","date","YES",""
"sink_raw","mabarchive__g_tlkpproject_radtrackdata",8,"finalreportsent","date","YES",""
"sink_raw","mabarchive__g_tlkpproject_radtrackdata",9,"inflation","smallint","YES","0"
"sink_raw","mabarchive__g_tlkpproject_radtrackdata",10,"closeddate","date","YES",""
"sink_raw","mabarchive__g_tlkpproject_radtrackdata",11,"useprojectyear","smallint","NO","0"
"sink_raw","mabarchive__g_tlkpproject_radtrackdata",12,"status","character varying","YES",""
"sink_raw","mabarchive__g_tlkpproject_radtrackdata",13,"pcforecastspend","double precision","YES",""
"sink_raw","mabarchive__g_tlkpproject_radtrackdata",14,"riskid","integer","YES",""
"sink_raw","mabarchive__g_tlkpproject_radtrackdata",15,"costbooknumber","character varying","YES",""
"sink_raw","mabarchive__g_tlkpproject_radtrackdata",16,"revisedenddate","date","YES",""
"sink_raw","mabarchive__g_tlkpproject_radtrackdata",17,"formrequired","boolean","NO","true"
"sink_raw","mabarchive__g_tlkpproject_radtrackdata",18,"overallcustincome","money","YES",""
"sink_raw","mabarchive__my_fpsyeartotals",1,"year","smallint","NO",""
"sink_raw","mabarchive__my_fpsyeartotals",2,"parentproject","character varying","NO",""
"sink_raw","mabarchive__my_fpsyeartotals",3,"program","character varying","NO",""
"sink_raw","mabarchive__my_fpsyeartotals",4,"totaladditionalcosts","money","YES",""
"sink_raw","mabarchive__my_fpsyeartotals",5,"totalanimalcosts","double precision","YES",""
"sink_raw","mabarchive__my_fpsyeartotals",6,"totalstaffcosts","double precision","YES",""
"sink_raw","mabarchive__my_fpsyeartotals",7,"totaltestcosts","double precision","YES",""
"sink_raw","mabarchive__my_fpsyeartotals",8,"totalcosts","double precision","YES",""
"sink_raw","mabarchive__my_fpsyeartotals",9,"custincome","money","NO",""
"sink_raw","mabarchive__my_fpsyeartotals",10,"transferincome","money","NO",""
"sink_raw","mabarchive__my_fpsyeartotals",11,"totalincome","money","NO",""
"sink_raw","mabarchive__my_fpsyeartotals",12,"budget_cvl","money","YES",""
"sink_raw","mabarchive__my_fpsyeartotals",13,"requiredprofit","money","YES",""
"sink_raw","mabarchive__my_fpsyeartotals",14,"manager","character varying","YES",""
"sink_raw","mabarchive__my_fpsyeartotals",15,"customer","character varying","YES",""
"sink_raw","mabarchive__my_fpsyeartotals",16,"projectstatus","character varying","NO",""
"sink_raw","mabarchive__my_fpsyeartotals",17,"pvsincome","money","YES",""
"sink_raw","mabarchive__my_fpsyeartotals",18,"plancaseworkdebit","money","YES",""
"sink_raw","mabarchive__my_fpsyeartotals",19,"totalpaycosts","double precision","YES",""
"sink_raw","mabarchive__my_milestoneformdates",1,"year","smallint","NO",""
"sink_raw","mabarchive__my_milestoneformdates",2,"parentproject","character varying","NO",""
"sink_raw","mabarchive__my_milestoneformdates",3,"jan","timestamp without time zone","YES",""
"sink_raw","mabarchive__my_milestoneformdates",4,"feb","timestamp without time zone","YES",""
"sink_raw","mabarchive__my_milestoneformdates",5,"mar","timestamp without time zone","YES",""
"sink_raw","mabarchive__my_milestoneformdates",6,"apr","timestamp without time zone","YES",""
"sink_raw","mabarchive__my_milestoneformdates",7,"may","timestamp without time zone","YES",""
"sink_raw","mabarchive__my_milestoneformdates",8,"jun","timestamp without time zone","YES",""
"sink_raw","mabarchive__my_milestoneformdates",9,"jul","timestamp without time zone","YES",""
"sink_raw","mabarchive__my_milestoneformdates",10,"aug","timestamp without time zone","YES",""
"sink_raw","mabarchive__my_milestoneformdates",11,"sep","timestamp without time zone","YES",""
"sink_raw","mabarchive__my_milestoneformdates",12,"oct","timestamp without time zone","YES",""
"sink_raw","mabarchive__my_milestoneformdates",13,"nov","timestamp without time zone","YES",""
"sink_raw","mabarchive__my_milestoneformdates",14,"dec","timestamp without time zone","YES",""
"sink_raw","mabarchive__my_monthlyoutput",1,"year","smallint","NO",""
"sink_raw","mabarchive__my_monthlyoutput",2,"testcode","character varying","NO",""
"sink_raw","mabarchive__my_monthlyoutput",3,"buyer","character varying","NO",""
"sink_raw","mabarchive__my_monthlyoutput",4,"month","double precision","NO",""
"sink_raw","mabarchive__my_monthlyoutput",5,"workgroup","character varying","NO",""
"sink_raw","mabarchive__my_monthlyoutput",6,"volume","double precision","YES",""
"sink_raw","mabarchive__my_monthlyoutput",7,"wgbuyer","character varying","YES",""
"sink_raw","mabarchive__my_monthlytime",1,"year","smallint","NO",""
"sink_raw","mabarchive__my_monthlytime",2,"pactstaffid","character varying","NO",""
"sink_raw","mabarchive__my_monthlytime",3,"timecode","character varying","NO",""
"sink_raw","mabarchive__my_monthlytime",4,"month","double precision","NO",""
"sink_raw","mabarchive__my_monthlytime",5,"parentproject","character varying","NO",""
"sink_raw","mabarchive__my_monthlytime",6,"workgroup","character varying","YES",""
"sink_raw","mabarchive__my_monthlytime",7,"hours","double precision","YES",""
"sink_raw","mabarchive__my_profitcentregrade",1,"year","integer","NO",""
"sink_raw","mabarchive__my_profitcentregrade",2,"pcgrade","character varying","NO",""
"sink_raw","mabarchive__my_profitcentregrade",3,"divisiongrade","character varying","NO",""
"sink_raw","mabarchive__my_profitcentregrade",4,"gradecode","character varying","NO",""
"sink_raw","mabarchive__my_profitcentregrade",5,"profitcentre","character varying","NO",""
"sink_raw","mabarchive__my_profitcentregrade",6,"chargerate","money","YES",""
"sink_raw","mabarchive__my_profitcentregrade",7,"directrate","money","YES",""
"sink_raw","mabarchive__my_profitcentregrade",8,"payrate","money","YES",""
"sink_raw","mabarchive__my_profitcentregrade",9,"npr","money","YES",""
"sink_raw","mabarchive__my_profitcentregrade",10,"ohr","money","YES",""
"sink_raw","mabarchive__my_proj_invoice",1,"year","smallint","NO",""
"sink_raw","mabarchive__my_proj_invoice",2,"projectparent","character varying","NO",""
"sink_raw","mabarchive__my_proj_invoice",3,"month","integer","YES",""
"sink_raw","mabarchive__my_proj_invoice",4,"amount","money","YES",""
"sink_raw","mabarchive__my_proj_invoice",5,"costofwork","money","YES",""
"sink_raw","mabarchive__my_proj_invoice",6,"wip","money","YES",""
"sink_raw","mabarchive__my_proj_invoice",7,"profitloss","money","YES",""
"sink_raw","mabarchive__my_proj_invoice",8,"detail","character varying","YES",""
"sink_raw","mabarchive__my_proj_invoice",9,"invoicecounter","integer","NO",""
"sink_raw","mabarchive__my_proj_invoice",10,"type","character varying","YES",""
"sink_raw","mabarchive__my_proj_subcontract",1,"year","smallint","NO",""
"sink_raw","mabarchive__my_proj_subcontract",2,"subcontcounter","integer","NO",""
"sink_raw","mabarchive__my_proj_subcontract",3,"project","character varying","YES",""
"sink_raw","mabarchive__my_proj_subcontract",4,"testjob","character varying","YES",""
"sink_raw","mabarchive__my_proj_subcontract",5,"month","real","YES",""
"sink_raw","mabarchive__my_proj_subcontract",6,"amount","money","YES",""
"sink_raw","mabarchive__my_proj_subcontract",7,"workgroup","character varying","YES",""
"sink_raw","mabarchive__my_proj_subcontract",8,"acctcode","character varying","YES",""
"sink_raw","mabarchive__my_proj_subcontract",9,"supplier","character varying","YES",""
"sink_raw","mabarchive__my_proj_subcontract",10,"description","character varying","YES",""
"sink_raw","mabarchive__my_proj_subcontract",11,"suppliernumber","integer","YES",""
"sink_raw","mabarchive__my_proj_subcontract",12,"dailyrate","money","YES",""
"sink_raw","mabarchive__my_proj_subcontract",13,"animaldays","integer","YES",""
"sink_raw","mabarchive__my_projectmonthfinal",1,"year","smallint","NO",""
"sink_raw","mabarchive__my_projectmonthfinal",2,"project","character varying","NO",""
"sink_raw","mabarchive__my_projectmonthfinal",3,"monthno","double precision","NO",""
"sink_raw","mabarchive__my_projectmonthfinal",4,"periodname","character varying","YES",""
"sink_raw","mabarchive__my_projectmonthfinal",5,"cumflag","double precision","YES",""
"sink_raw","mabarchive__my_projectmonthfinal",6,"costprofile","money","YES",""
"sink_raw","mabarchive__my_projectmonthfinal",7,"subcontracts","money","YES",""
"sink_raw","mabarchive__my_projectmonthfinal",8,"animals","money","YES",""
"sink_raw","mabarchive__my_projectmonthfinal",9,"nonanimals","money","YES",""
"sink_raw","mabarchive__my_projectmonthfinal",10,"timecosts","money","YES",""
"sink_raw","mabarchive__my_projectmonthfinal",11,"transfercosts","money","YES",""
"sink_raw","mabarchive__my_projectmonthfinal",12,"totalcost","money","YES",""
"sink_raw","mabarchive__my_projectmonthfinal",13,"invoices","money","YES",""
"sink_raw","mabarchive__my_projectmonthfinal",14,"coiw","money","YES",""
"sink_raw","mabarchive__my_projectmonthfinal",15,"portsales","money","YES",""
"sink_raw","mabarchive__my_projectmonthfinal",16,"cumcost","money","YES",""
"sink_raw","mabarchive__my_projectmonthfinal",17,"cumprofile","money","YES",""
"sink_raw","mabarchive__my_projectmonthfinal",18,"sumofcostprofile","money","YES",""
"sink_raw","mabarchive__my_projectmonthfinal",19,"cuminvoices","money","YES",""
"sink_raw","mabarchive__my_projectmonthfinal",20,"cumcoiw","money","YES",""
"sink_raw","mabarchive__my_projectmonthfinal",21,"cumportsales","money","YES",""
"sink_raw","mabarchive__my_projectmonthfinal",22,"mstonedue","integer","YES",""
"sink_raw","mabarchive__my_projectmonthfinal",23,"due__done","double precision","YES",""
"sink_raw","mabarchive__my_projectmonthfinal",24,"ontime","double precision","YES",""
"sink_raw","mabarchive__my_projectmonthfinal",25,"sumofmstonedue","double precision","YES",""
"sink_raw","mabarchive__my_projectmonthfinal",26,"sumofdue__done","double precision","YES",""
"sink_raw","mabarchive__my_projectmonthfinal",27,"sumofontime","double precision","YES",""
"sink_raw","mabarchive__my_projectmonthfinal",28,"cwdebit","money","YES",""
"sink_raw","mabarchive__my_projectmonthfinal",29,"cwcredit","money","YES",""
"sink_raw","mabarchive__my_projectmonthfinal",30,"cumcwdebit","money","YES",""
"sink_raw","mabarchive__my_projectmonthfinal",31,"cumcwcredit","money","YES",""
"sink_raw","mabarchive__my_projectmonthfinal",32,"totalhours","double precision","YES",""
"sink_raw","mabarchive__my_projectmonthfinal",33,"cumtotalhours","double precision","YES",""
"sink_raw","mabarchive__my_projectmonthfinal",34,"cumsubcontracts","double precision","YES",""
"sink_raw","mabarchive__my_projectmonthfinal",35,"cumtestcosts","double precision","YES",""
"sink_raw","mabarchive__my_projectmonthfinal",36,"paycosts","double precision","YES",""
"sink_raw","mabarchive__my_projectmonthfinal",37,"cumpaycosts","double precision","YES",""
"sink_raw","mabarchive__my_radtrack_reports",1,"year","smallint","NO",""
"sink_raw","mabarchive__my_radtrack_reports",2,"project","character varying","NO",""
"sink_raw","mabarchive__my_radtrack_reports",3,"type","character varying","NO",""
"sink_raw","mabarchive__my_radtrack_reports",4,"reminder1","date","YES",""
"sink_raw","mabarchive__my_radtrack_reports",5,"reminder2","date","YES",""
"sink_raw","mabarchive__my_radtrack_reports",6,"replyreceived","date","YES",""
"sink_raw","mabarchive__my_radtrack_reports",7,"senttoprogmanager","date","YES",""
"sink_raw","mabarchive__my_radtrack_reports",8,"senttoprojleader","date","YES",""
"sink_raw","mabarchive__my_radtrack_reports",9,"emailedtocustomer","date","YES",""
"sink_raw","mabarchive__my_radtrack_reports",10,"signedcopytocustomer","date","YES",""
"sink_raw","mabarchive__my_radtrack_reports",11,"repduedate","date","YES",""
"sink_raw","mabarchive__my_radtrack_reports",12,"id","integer","NO","nextval('mabarchive.my_radtrack_reports_id_seq'::regclass)"
"sink_raw","mabarchive__my_radtrack_reports",13,"reportagreeddate","date","YES",""
"sink_raw","mabarchive__my_staff",1,"year","smallint","NO",""
"sink_raw","mabarchive__my_staff",2,"staffid","character varying","NO",""
"sink_raw","mabarchive__my_staff",3,"workgroupgrade","character varying","NO",""
"sink_raw","mabarchive__my_staff",4,"name","character varying","NO",""
"sink_raw","mabarchive__my_staff",5,"title","character varying","YES",""
"sink_raw","mabarchive__my_staff",6,"personstatus","character varying","YES",""
"sink_raw","mabarchive__my_staff",7,"personclass","character varying","YES",""
"sink_raw","mabarchive__my_staff",8,"hrspaid","double precision","YES",""
"sink_raw","mabarchive__my_staff",9,"leave","double precision","YES",""
"sink_raw","mabarchive__my_staff",10,"sickspecial","double precision","YES",""
"sink_raw","mabarchive__my_staff",11,"hrsavail","double precision","YES",""
"sink_raw","mabarchive__my_tbladditionalcosts",1,"year","smallint","NO",""
"sink_raw","mabarchive__my_tbladditionalcosts",2,"jobcode","character varying","NO",""
"sink_raw","mabarchive__my_tbladditionalcosts",3,"account","character varying","NO",""
"sink_raw","mabarchive__my_tbladditionalcosts",4,"description","character varying","NO",""
"sink_raw","mabarchive__my_tbladditionalcosts",5,"itemcost","money","NO",""
"sink_raw","mabarchive__my_tbladditionalcosts",6,"freq","character varying","YES",""
"sink_raw","mabarchive__my_tbladditionalcosts",7,"supplier","character varying","YES",""
"sink_raw","mabarchive__my_tbladditionalcosts",8,"ac_counter","integer","NO",""
"sink_raw","mabarchive__my_tbladditionalcosts_old",1,"Year","smallint","NO",""
"sink_raw","mabarchive__my_tbladditionalcosts_old",2,"JobCode","character varying","NO",""
"sink_raw","mabarchive__my_tbladditionalcosts_old",3,"Account","character varying","NO",""
"sink_raw","mabarchive__my_tbladditionalcosts_old",4,"Description","character varying","NO",""
"sink_raw","mabarchive__my_tbladditionalcosts_old",5,"ItemCost","money","NO",""
"sink_raw","mabarchive__my_tbladditionalcosts_old",6,"Freq","character varying","YES",""
"sink_raw","mabarchive__my_tbladditionalcosts_old",7,"Supplier","character varying","YES",""
"sink_raw","mabarchive__my_tbladditionalcosts_old",8,"AC_Counter","integer","NO","nextval('mabarchive.my_tbladditionalcosts_ac_counter_seq'::regclass)"
"sink_raw","mabarchive__my_tblanimalreq",1,"year","smallint","NO",""
"sink_raw","mabarchive__my_tblanimalreq",2,"jobcode","character varying","NO",""
"sink_raw","mabarchive__my_tblanimalreq",3,"animaltype","character varying","NO",""
"sink_raw","mabarchive__my_tblanimalreq",4,"numberofdays","double precision","NO",""
"sink_raw","mabarchive__my_tblanimalreq",5,"numberofanimals","double precision","NO",""
"sink_raw","mabarchive__my_tblanimalreq",6,"ar_counter","integer","NO","nextval('mabarchive.my_tblanimalreq_ar_counter_seq'::regclass)"
"sink_raw","mabarchive__my_tblanimals",1,"year","smallint","NO",""
"sink_raw","mabarchive__my_tblanimals",2,"animaltype","character varying","NO",""
"sink_raw","mabarchive__my_tblanimals",3,"species","character varying","YES",""
"sink_raw","mabarchive__my_tblanimals",4,"security_level","character varying","YES",""
"sink_raw","mabarchive__my_tblanimals",5,"dailyrate","money","YES",""
"sink_raw","mabarchive__my_tblanimals",6,"planbyweek","boolean","YES",""
"sink_raw","mabarchive__my_tblanimals",7,"defradailyrate","money","YES",""
"sink_raw","mabarchive__my_tblcontract",1,"year","smallint","NO",""
"sink_raw","mabarchive__my_tblcontract",2,"contractno","character varying","NO",""
"sink_raw","mabarchive__my_tblcontract",3,"category","character varying","NO",""
"sink_raw","mabarchive__my_tblcontract",4,"manager","character varying","YES",""
"sink_raw","mabarchive__my_tblcontract",5,"customer","character varying","YES",""
"sink_raw","mabarchive__my_tblcontract",6,"title","character varying","YES",""
"sink_raw","mabarchive__my_tblcontract",7,"registereddate","date","YES",""
"sink_raw","mabarchive__my_tblcontract",8,"startdate","date","YES",""
"sink_raw","mabarchive__my_tblcontract",9,"enddate","date","YES",""
"sink_raw","mabarchive__my_tblcontract",10,"contractdoc","bytea","YES",""
"sink_raw","mabarchive__my_tblcontract",11,"duration","integer","YES",""
"sink_raw","mabarchive__my_tblprofitcentre",1,"year","smallint","NO",""
"sink_raw","mabarchive__my_tblprofitcentre",2,"profitcentre","character varying","NO",""
"sink_raw","mabarchive__my_tblprofitcentre",3,"profitcentrename","character varying","NO",""
"sink_raw","mabarchive__my_tblprofitcentre",4,"division","character varying","NO",""
"sink_raw","mabarchive__my_tblprofitcentre",5,"conttarget","money","YES",""
"sink_raw","mabarchive__my_tblprofitcentre",6,"profitcentrehead","character varying","YES",""
"sink_raw","mabarchive__my_tblprofitcentre",7,"divisionid","integer","YES",""
"sink_raw","mabarchive__my_tblstaffjob",1,"year","smallint","NO",""
"sink_raw","mabarchive__my_tblstaffjob",2,"staffid","character varying","NO",""
"sink_raw","mabarchive__my_tblstaffjob",3,"jobcode","character varying","NO",""
"sink_raw","mabarchive__my_tblstaffjob",4,"plannedhours","double precision","NO",""
"sink_raw","mabarchive__my_tblstaffjob",5,"systimestamp","bytea","YES",""
"sink_raw","mabarchive__my_testorproduct",1,"year","smallint","NO",""
"sink_raw","mabarchive__my_testorproduct",2,"itemcode","character varying","NO",""
"sink_raw","mabarchive__my_testorproduct",3,"itemdescription","character varying","YES",""
"sink_raw","mabarchive__my_testorproduct",4,"testmanager","character varying","YES",""
"sink_raw","mabarchive__my_testorproduct",5,"jobstatus","character varying","YES",""
"sink_raw","mabarchive__my_testorproduct",6,"unitpricevla","money","YES",""
"sink_raw","mabarchive__my_testorproduct",7,"priceahvg","money","YES",""
"sink_raw","mabarchive__my_testorproduct",8,"owner","character varying","YES",""
"sink_raw","mabarchive__my_testorproduct",9,"chargemethod","character varying","YES",""
"sink_raw","mabarchive__my_testorproduct",10,"shortdescription","character","YES",""
"sink_raw","mabarchive__my_testorproduct",11,"defraunitprice","money","YES",""
"sink_raw","mabarchive__my_timecostcalcs",1,"year","smallint","NO",""
"sink_raw","mabarchive__my_timecostcalcs",2,"workgroup","character varying","NO",""
"sink_raw","mabarchive__my_timecostcalcs",3,"jobcode","character varying","NO",""
"sink_raw","mabarchive__my_timecostcalcs",4,"project","character varying","NO",""
"sink_raw","mabarchive__my_timecostcalcs",5,"month","double precision","NO",""
"sink_raw","mabarchive__my_timecostcalcs",6,"staffid","character varying","NO",""
"sink_raw","mabarchive__my_timecostcalcs",7,"gradecode","character varying","YES",""
"sink_raw","mabarchive__my_timecostcalcs",8,"name","character varying","YES",""
"sink_raw","mabarchive__my_timecostcalcs",9,"chargerate","money","YES",""
"sink_raw","mabarchive__my_timecostcalcs",10,"class","character varying","YES",""
"sink_raw","mabarchive__my_timecostcalcs",11,"time","double precision","YES",""
"sink_raw","mabarchive__my_timecostcalcs",12,"cost","double precision","YES",""
"sink_raw","mabarchive__my_timecostcalcs",13,"division","character varying","YES",""
"sink_raw","mabarchive__my_timecostcalcs",14,"jobcodeold","character varying","YES",""
"sink_raw","mabarchive__my_timecostcalcs",15,"pay","money","YES",""
"sink_raw","mabarchive__my_timecostcalcs",16,"nonpay","money","YES",""
"sink_raw","mabarchive__my_timecostcalcs",17,"overhead","money","YES",""
"sink_raw","mabarchive__my_tlkpprogram",1,"year","smallint","NO",""
"sink_raw","mabarchive__my_tlkpprogram",2,"programno","character varying","NO",""
"sink_raw","mabarchive__my_tlkpprogram",3,"programname","character varying","YES",""
"sink_raw","mabarchive__my_tlkpprogram",4,"directorate","character varying","YES",""
"sink_raw","mabarchive__my_tlkpprogram",5,"minim","character varying","YES",""
"sink_raw","mabarchive__my_tlkpprogram",6,"sector_name","character varying","YES",""
"sink_raw","mabarchive__my_tlkpprogram",7,"customer","character varying","YES",""
"sink_raw","mabarchive__my_tlkpprogram",8,"target","money","YES",""
"sink_raw","mabarchive__my_tlkpprogram",9,"manager","character varying","YES",""
"sink_raw","mabarchive__my_tlkpproject",1,"year","smallint","NO",""
"sink_raw","mabarchive__my_tlkpproject",2,"parentproject","character varying","NO",""
"sink_raw","mabarchive__my_tlkpproject",3,"program","character varying","YES",""
"sink_raw","mabarchive__my_tlkpproject",4,"customer","character varying","YES",""
"sink_raw","mabarchive__my_tlkpproject",5,"manager","character varying","YES",""
"sink_raw","mabarchive__my_tlkpproject",6,"transferincome","money","YES",""
"sink_raw","mabarchive__my_tlkpproject",7,"custincome","money","YES",""
"sink_raw","mabarchive__my_tlkpproject",8,"wip_eoy","money","YES",""
"sink_raw","mabarchive__my_tlkpproject",9,"wip_limit","money","YES",""
"sink_raw","mabarchive__my_tlkpproject",10,"wip_current","money","YES",""
"sink_raw","mabarchive__my_tlkpproject",11,"projectstatus","character varying","YES",""
"sink_raw","mabarchive__my_tlkpproject",12,"datecreated","timestamp without time zone","YES",""
"sink_raw","mabarchive__my_tlkpproject",13,"feccost","money","YES",""
"sink_raw","mabarchive__my_tlkpproject",14,"profit","money","YES",""
"sink_raw","mabarchive__my_tlkpproject",15,"budget_cvl","money","YES",""
"sink_raw","mabarchive__my_tlkpproject",16,"caseworksub","numeric","YES",""
"sink_raw","mabarchive__my_tlkpproject",17,"pvsincome","money","YES",""
"sink_raw","mabarchive__my_tlkpproject",18,"plancaseworkdebit","money","YES",""
"sink_raw","mabarchive__my_tlkpproject",19,"source","character","YES",""
"sink_raw","mabarchive__my_tlkpproject",20,"disease","character varying","YES",""
"sink_raw","mabarchive__my_tlkpproject",21,"contract","character varying","YES",""
"sink_raw","mabarchive__my_tlkpproject",22,"finished","smallint","YES",""
"sink_raw","mabarchive__my_tlkpproject",23,"comments","text","YES",""
"sink_raw","mabarchive__my_tlkpproject",24,"carryover","money","YES",""
"sink_raw","mabarchive__my_tlkpproject",25,"isdefraproject","smallint","YES",""
"sink_raw","mabarchive__my_tlkpproject",26,"costcentre","double precision","YES",""
"sink_raw","mabarchive__my_tlkpproject",27,"oracleprojectcode","character varying","YES",""
"sink_raw","mabarchive__my_tlkpproject",28,"subaccountcode","character varying","YES",""
"sink_raw","mabarchive__my_tlkpproject",29,"projectgroup","character varying","YES",""
"sink_raw","mabarchive__my_tlkpproject",30,"incomeaccountcode","character varying","YES",""
"sink_raw","mabarchive__my_tlkpproject_all",1,"year","smallint","NO",""
"sink_raw","mabarchive__my_tlkpproject_all",2,"parentproject","character varying","NO",""
"sink_raw","mabarchive__my_tlkpproject_all",3,"program","character varying","YES",""
"sink_raw","mabarchive__my_tlkpproject_all",4,"customer","character varying","YES",""
"sink_raw","mabarchive__my_tlkpproject_all",5,"manager","character varying","YES",""
"sink_raw","mabarchive__my_tlkpproject_all",6,"transferincome","money","YES",""
"sink_raw","mabarchive__my_tlkpproject_all",7,"custincome","money","YES",""
"sink_raw","mabarchive__my_tlkpproject_all",8,"wip_eoy","money","YES",""
"sink_raw","mabarchive__my_tlkpproject_all",9,"wip_limit","money","YES",""
"sink_raw","mabarchive__my_tlkpproject_all",10,"wip_current","money","YES",""
"sink_raw","mabarchive__my_tlkpproject_all",11,"projectstatus","character varying","YES",""
"sink_raw","mabarchive__my_tlkpproject_all",12,"datecreated","date","YES",""
"sink_raw","mabarchive__my_tlkpproject_all",13,"feccost","money","YES",""
"sink_raw","mabarchive__my_tlkpproject_all",14,"profit","money","YES",""
"sink_raw","mabarchive__my_tlkpproject_all",15,"budget_cvl","money","YES",""
"sink_raw","mabarchive__my_tlkpproject_all",16,"caseworksub","numeric","YES",""
"sink_raw","mabarchive__my_tlkpproject_all",17,"pvsincome","money","YES",""
"sink_raw","mabarchive__my_tlkpproject_all",18,"plancaseworkdebit","money","YES",""
"sink_raw","mabarchive__my_tlkpproject_all",19,"source","character","YES",""
"sink_raw","mabarchive__my_tlkpproject_all",20,"disease","character varying","YES",""
"sink_raw","mabarchive__my_tlkpproject_all",21,"contract","character varying","YES",""
"sink_raw","mabarchive__my_tlkpproject_all",22,"finished","smallint","YES",""
"sink_raw","mabarchive__my_tlkpproject_all",23,"comments","text","YES",""
"sink_raw","mabarchive__my_tlkpproject_all",24,"carryover","money","YES",""
"sink_raw","mabarchive__my_tlkpproject_all",25,"isdefraproject","smallint","YES",""
"sink_raw","mabarchive__my_tlkpproject_all",26,"costcentre","double precision","YES",""
"sink_raw","mabarchive__my_tlkpproject_all",27,"oracleprojectcode","character varying","YES",""
"sink_raw","mabarchive__my_tlkpproject_all",28,"subaccountcode","character varying","YES",""
"sink_raw","mabarchive__my_tlkpproject_all",29,"projectgroup","character varying","YES",""
"sink_raw","mabarchive__my_tlkpproject_all",30,"incomeaccountcode","character varying","YES",""
"sink_raw","mabarchive__my_tlkpprojectradtrackdata",1,"year","smallint","NO",""
"sink_raw","mabarchive__my_tlkpprojectradtrackdata",2,"project","character varying","NO",""
"sink_raw","mabarchive__my_tlkpprojectradtrackdata",3,"bfbudget","money","YES",""
"sink_raw","mabarchive__my_tlkpprojectradtrackdata",4,"pybudget","money","YES",""
"sink_raw","mabarchive__my_tlkpprojectradtrackdata",5,"seedcorn","money","YES",""
"sink_raw","mabarchive__my_tlkpprojectradtrackdata",6,"manhours","double precision","YES",""
"sink_raw","mabarchive__my_tlkpprojectradtrackdata",7,"mandays","double precision","YES",""
"sink_raw","mabarchive__my_tlkpprojectradtrackdata",8,"manyears","double precision","YES",""
"sink_raw","mabarchive__my_tlkpprojectradtrackdata",9,"paycosts","money","YES",""
"sink_raw","mabarchive__my_tlkpprojectradtrackdata",10,"nonpayohcosts","money","YES",""
"sink_raw","mabarchive__my_tlkpprojectradtrackdata",11,"testcosts","money","YES",""
"sink_raw","mabarchive__my_tlkpprojectradtrackdata",12,"animalcosts","money","YES",""
"sink_raw","mabarchive__my_tlkpprojectradtrackdata",13,"nonanimalcosts","money","YES",""
"sink_raw","mabarchive__my_tlkpprojectradtrackdata",14,"manhourschanged","smallint","YES","0"
"sink_raw","mabarchive__my_tlkpprojectradtrackdata",15,"paycostschanged","smallint","YES","0"
"sink_raw","mabarchive__my_tlkpprojectradtrackdata",16,"nonpayohcostschanged","smallint","YES","0"
"sink_raw","mabarchive__my_tlkpprojectradtrackdata",17,"testcostschanged","smallint","YES","0"
"sink_raw","mabarchive__my_tlkpprojectradtrackdata",18,"animalcostschanged","smallint","YES","0"
"sink_raw","mabarchive__my_tlkpprojectradtrackdata",19,"nonanimalcostschanged","smallint","YES","0"
"sink_raw","mabarchive__my_tlkpprojectradtrackdata",20,"adjustment","money","YES",""
"sink_raw","mabarchive__my_tlkpprojectradtrackdata",21,"adjustmentcomment","character varying","YES",""
"sink_raw","mabarchive__my_tlkpprojectradtrackdata",22,"locked","smallint","YES","0"
"sink_raw","mabarchive__my_tlkpprojectradtrackdata",23,"datecosted","timestamp without time zone","YES",""
"sink_raw","mabarchive__my_tlkpprojectradtrackdata",24,"costedby","character varying","YES",""
"sink_raw","mabarchive__my_tlkpprojectradtrackdata",25,"actualexpenditure","money","YES",""
"sink_raw","mabarchive__my_tlkpprojectradtrackdata",26,"actualmanyears","double precision","YES",""
"sink_raw","mabarchive__my_tlkpprojectradtrackdata",27,"vla_budget","money","YES",""
"sink_raw","mabarchive__my_tlkptestreqmt",1,"year","smallint","NO",""
"sink_raw","mabarchive__my_tlkptestreqmt",2,"testcode","character varying","NO",""
"sink_raw","mabarchive__my_tlkptestreqmt",3,"buyer","character varying","NO",""
"sink_raw","mabarchive__my_tlkptestreqmt",4,"unitprice","money","YES",""
"sink_raw","mabarchive__my_tlkptestreqmt",5,"norequired","double precision","YES",""
"sink_raw","mabarchive__my_tlkptestreqmt",6,"projectbuyercode","character varying","YES",""
"sink_raw","mabarchive__my_tlkptestreqmt",7,"testbuyercode","character varying","YES",""
"sink_raw","mabarchive__my_tlkptestreqmt",8,"source","character","YES",""
"sink_raw","mabarchive__my_workgroup",1,"year","smallint","NO",""
"sink_raw","mabarchive__my_workgroup",2,"workgroup","character varying","NO",""
"sink_raw","mabarchive__my_workgroup",3,"profitcentre","character varying","NO",""
"sink_raw","mabarchive__my_workgroup",4,"costcentre","double precision","YES",""
"sink_raw","mabarchive__my_workgroup",5,"owner","character varying","YES",""
"sink_raw","mabarchive__my_workgroup",6,"description","character varying","YES",""
"sink_raw","mabarchive__my_workgroup",7,"centraloverhead","money","YES",""
"sink_raw","mabarchive__my_workgroup",8,"sendemail","smallint","YES",""
"sink_raw","mabarchive__my_workgroup",9,"cos90","smallint","YES",""
"sink_raw","mabarchive__my_workgroup",10,"costcentreold","double precision","YES",""
"sink_raw","mabarchive__my_workgroup",11,"email_recipient","character varying","YES",""
"sink_raw","mabarchive__my_workgroupgrade",1,"year","integer","NO",""
"sink_raw","mabarchive__my_workgroupgrade",2,"wggrade","character varying","NO",""
"sink_raw","mabarchive__my_workgroupgrade",3,"profitcentregrade","character varying","NO",""
"sink_raw","mabarchive__my_workgroupgrade",4,"gradecode","character varying","NO",""
"sink_raw","mabarchive__my_workgroupgrade",5,"workgroup","character varying","NO",""
"sink_raw","mabarchive__tbl_settings",1,"id","character varying","NO",""
"sink_raw","mabarchive__tbl_settings",2,"setting","character varying","YES",""
"sink_raw","mabarchive__tbl_settings",3,"notes","character varying","YES",""
"sink_raw","mabarchive__tbl_settings",4,"testsetting","character varying","YES",""
"sink_raw","mabarchive__tbl_settings",5,"userupdateable","boolean","YES","false"
"sink_raw","mabarchive__tblaccesslevels",1,"systemid","integer","NO",""
"sink_raw","mabarchive__tblaccesslevels",2,"accesslevelid","integer","NO",""
"sink_raw","mabarchive__tblaccesslevels",3,"accesslevel","character varying","YES",""
"sink_raw","mabarchive__tblaccessprograms",1,"systemid","integer","NO",""
"sink_raw","mabarchive__tblaccessprograms",2,"ntlogin","character varying","NO",""
"sink_raw","mabarchive__tblaccessprograms",3,"program","character varying","NO",""
"sink_raw","mabarchive__tblaccesssystems",1,"systemid","integer","NO",""
"sink_raw","mabarchive__tblaccesssystems",2,"systemname","character varying","NO",""
"sink_raw","mabarchive__tblaccessusers",1,"systemid","integer","NO",""
"sink_raw","mabarchive__tblaccessusers",2,"ntlogin","character varying","NO",""
"sink_raw","mabarchive__tblaccessusers",3,"username","character varying","YES",""
"sink_raw","mabarchive__tblaccessusers",4,"dt2login","character varying","YES",""
"sink_raw","mabarchive__tblaccessusers",5,"useremail","character varying","YES",""
"sink_raw","mabarchive__tblaccessusers_levels",1,"systemid","integer","NO",""
"sink_raw","mabarchive__tblaccessusers_levels",2,"ntlogin","character varying","NO",""
"sink_raw","mabarchive__tblaccessusers_levels",3,"accesslevelid","integer","NO",""
"sink_raw","mabarchive__tbladditionalcosts",1,"ac_identity","integer","NO","nextval('mabarchive.tbladditionalcosts_ac_identity_seq'::regclass)"
"sink_raw","mabarchive__tbladditionalcosts",2,"project","character varying","YES",""
"sink_raw","mabarchive__tbladditionalcosts",3,"year","integer","YES","0"
"sink_raw","mabarchive__tbladditionalcosts",4,"accountcat","character varying","NO",""
"sink_raw","mabarchive__tbladditionalcosts",5,"description","character varying","NO",""
"sink_raw","mabarchive__tbladditionalcosts",6,"itemcost","double precision","YES","0"
"sink_raw","mabarchive__tbladditionalcosts",7,"costentered","double precision","NO","0"
"sink_raw","mabarchive__tbladditionalcosts",8,"freq","character varying","YES",""
"sink_raw","mabarchive__tblanimalreq",1,"ar_identity","integer","NO","nextval('mabarchive.tblanimalreq_ar_identity_seq'::regclass)"
"sink_raw","mabarchive__tblanimalreq",2,"project","character varying","YES",""
"sink_raw","mabarchive__tblanimalreq",3,"year","integer","YES","0"
"sink_raw","mabarchive__tblanimalreq",4,"animaltype","character varying","NO",""
"sink_raw","mabarchive__tblanimalreq",5,"number of days","double precision","YES",""
"sink_raw","mabarchive__tblanimalreq",6,"number of animals","double precision","YES","0"
"sink_raw","mabarchive__tblanimalreq",7,"dailyrate","double precision","YES","0"
"sink_raw","mabarchive__tblcapsstaff",1,"mnumber","character varying","NO",""
"sink_raw","mabarchive__tblcapsstaff",2,"name","character varying","NO",""
"sink_raw","mabarchive__tblcapsstaff",3,"dt2number","character varying","YES",""
"sink_raw","mabarchive__tblcomments",1,"commentno","integer","NO","nextval('mabarchive.tblcomments_commentno_seq'::regclass)"
"sink_raw","mabarchive__tblcomments",2,"project","character varying","NO",""
"sink_raw","mabarchive__tblcomments",3,"year","smallint","NO",""
"sink_raw","mabarchive__tblcomments",4,"dateentered","timestamp without time zone","YES",""
"sink_raw","mabarchive__tblcomments",5,"topic","character varying","NO",""
"sink_raw","mabarchive__tblcomments",6,"comment","text","YES",""
"sink_raw","mabarchive__tblcomments",7,"madeby","character varying","YES",""
"sink_raw","mabarchive__tblcsg7_accountgroups",1,"csg7group","character varying","NO",""
"sink_raw","mabarchive__tblcsg7_accountgroups",2,"useinflation","boolean","YES","true"
"sink_raw","mabarchive__tbldb_var",1,"year","integer","YES",""
"sink_raw","mabarchive__tbldbvariables",1,"db_variable","character varying","NO",""
"sink_raw","mabarchive__tbldbvariables",2,"nval","double precision","YES","0"
"sink_raw","mabarchive__tbldisease",1,"disease","character varying","NO",""
"sink_raw","mabarchive__tbleugrade_conversion",1,"vlagrade","character varying","NO",""
"sink_raw","mabarchive__tbleugrade_conversion",2,"eugrade","character varying","YES",""
"sink_raw","mabarchive__tblfpsyearstoimport",1,"fpsname","character varying","NO",""
"sink_raw","mabarchive__tblimages",1,"imageid","integer","NO",""
"sink_raw","mabarchive__tblimages",2,"image","bytea","YES",""
"sink_raw","mabarchive__tblimages",3,"decription","character varying","YES",""
"sink_raw","mabarchive__tbllogmilestone",1,"project","character varying","YES",""
"sink_raw","mabarchive__tbllogmilestone",2,"number","character varying","YES",""
"sink_raw","mabarchive__tbllogmilestone",3,"description","character varying","YES",""
"sink_raw","mabarchive__tbllogmilestone",4,"datedue","timestamp without time zone","YES",""
"sink_raw","mabarchive__tbllogmilestone",5,"datecompleted","timestamp without time zone","YES",""
"sink_raw","mabarchive__tbllogmilestone",6,"dateformreceived","timestamp without time zone","YES",""
"sink_raw","mabarchive__tbllogmilestone",7,"undersdreview","smallint","YES",""
"sink_raw","mabarchive__tbllogmilestone",8,"ontarget","smallint","YES",""
"sink_raw","mabarchive__tbllogmilestone",9,"projectleadercomment","text","YES",""
"sink_raw","mabarchive__tbllogmilestone",10,"capscomment","character varying","YES",""
"sink_raw","mabarchive__tbllogmilestone",11,"idtype","character","YES",""
"sink_raw","mabarchive__tbllogmilestone",12,"datechanged","timestamp without time zone","YES",""
"sink_raw","mabarchive__tbllogmilestone",13,"changedby","character varying","YES",""
"sink_raw","mabarchive__tbllogmilestone",14,"updatetype","character","YES",""
"sink_raw","mabarchive__tbllogmilestone",15,"id","integer","NO","nextval('mabarchive.tbllogmilestone_id_seq'::regclass)"
"sink_raw","mabarchive__tblmaintenance",1,"formname","character varying","NO",""
"sink_raw","mabarchive__tblmaintenance",2,"description","character varying","YES",""
"sink_raw","mabarchive__tblmaintenance",3,"usernotes","character varying","YES",""
"sink_raw","mabarchive__tblmaintenance",4,"obsolete?","boolean","NO",""
"sink_raw","mabarchive__tblmaintenance",5,"displayseq","integer","YES",""
"sink_raw","mabarchive__tblmilestone",1,"project","character varying","NO",""
"sink_raw","mabarchive__tblmilestone",2,"number","character varying","NO",""
"sink_raw","mabarchive__tblmilestone",3,"description","character varying","YES",""
"sink_raw","mabarchive__tblmilestone",4,"datedue","timestamp without time zone","NO",""
"sink_raw","mabarchive__tblmilestone",5,"datecompleted","timestamp without time zone","YES",""
"sink_raw","mabarchive__tblmilestone",6,"dateformreceived","timestamp without time zone","YES",""
"sink_raw","mabarchive__tblmilestone",7,"undersdreview","smallint","YES","0"
"sink_raw","mabarchive__tblmilestone",8,"ontarget","smallint","YES","0"
"sink_raw","mabarchive__tblmilestone",9,"projectleadercomment","text","YES",""
"sink_raw","mabarchive__tblmilestone",10,"capscomment","character varying","YES",""
"sink_raw","mabarchive__tblmilestone",11,"idtype","character","YES",""
"sink_raw","mabarchive__tblprofitcentre_manager_link",1,"profitcentre","character varying","NO",""
"sink_raw","mabarchive__tblprofitcentre_manager_link",2,"manager","character varying","NO",""
"sink_raw","mabarchive__tblprogram_manager_link",1,"program","character varying","NO",""
"sink_raw","mabarchive__tblprogram_manager_link",2,"manager","character varying","NO",""
"sink_raw","mabarchive__tblproject",1,"project","character varying","NO",""
"sink_raw","mabarchive__tblproject",2,"plancat","character varying","YES",""
"sink_raw","mabarchive__tblproject",3,"projecttitle","character varying","YES",""
"sink_raw","mabarchive__tblproject",4,"programme","character varying","YES",""
"sink_raw","mabarchive__tblproject",5,"projectworkgroup","character varying","YES",""
"sink_raw","mabarchive__tblproject",6,"contractprice","double precision","YES",""
"sink_raw","mabarchive__tblproject",7,"startdate","date","YES",""
"sink_raw","mabarchive__tblproject",8,"disease","character varying","YES",""
"sink_raw","mabarchive__tblproject",9,"startfyear","double precision","YES","0"
"sink_raw","mabarchive__tblproject",10,"customer name","character varying","YES",""
"sink_raw","mabarchive__tblproject",11,"contract number","character varying","YES",""
"sink_raw","mabarchive__tblproject",12,"submittedbyfname","character varying","YES",""
"sink_raw","mabarchive__tblproject",13,"submittedbylname","character varying","YES",""
"sink_raw","mabarchive__tblproject",14,"date of submission","date","YES",""
"sink_raw","mabarchive__tblproject",15,"prepared by","character varying","YES",""
"sink_raw","mabarchive__tblproject",16,"inflation","integer","YES","0"
"sink_raw","mabarchive__tblproject",17,"financialyears","integer","YES",""
"sink_raw","mabarchive__tblproject",18,"notes","character varying","YES",""
"sink_raw","mabarchive__tblproject",19,"euroconvrate","double precision","YES",""
"sink_raw","mabarchive__tblproject",20,"isdefraproject","smallint","YES",""
"sink_raw","mabarchive__tblprojectmanager",1,"projectmanager","character varying","NO",""
"sink_raw","mabarchive__tblprojectmanager",2,"email","character varying","YES",""
"sink_raw","mabarchive__tblprojectmanager",3,"mnumber","character varying","YES",""
"sink_raw","mabarchive__tblprojectmanager",4,"disable","boolean","NO","false"
"sink_raw","mabarchive__tblprojectreviewitems",1,"project","character varying","NO",""
"sink_raw","mabarchive__tblprojectreviewitems",2,"itemid","integer","NO",""
"sink_raw","mabarchive__tblprojectreviewitems",3,"frequencyid","integer","YES",""
"sink_raw","mabarchive__tblprojectyear",1,"project","character varying","NO",""
"sink_raw","mabarchive__tblprojectyear",2,"yearno","integer","NO",""
"sink_raw","mabarchive__tblprojectyear",3,"markup_time","double precision","YES",""
"sink_raw","mabarchive__tblprojectyear",4,"markup_tests","double precision","YES",""
"sink_raw","mabarchive__tblprojectyear",5,"markup_animals","double precision","YES",""
"sink_raw","mabarchive__tblprojectyear",6,"markup_additional","double precision","YES",""
"sink_raw","mabarchive__tblprojectyear",7,"profit_time","double precision","YES",""
"sink_raw","mabarchive__tblprojectyear",8,"profit_tests","double precision","YES",""
"sink_raw","mabarchive__tblprojectyear",9,"profit_animals","double precision","YES",""
"sink_raw","mabarchive__tblprojectyear",10,"profit_additional","double precision","YES",""
"sink_raw","mabarchive__tblproposedproject",1,"id","integer","NO","nextval('mabarchive.tblproposedproject_id_seq'::regclass)"
"sink_raw","mabarchive__tblproposedproject",2,"parentproject","character varying","NO",""
"sink_raw","mabarchive__tblproposedproject",3,"projecttitle","character varying","YES",""
"sink_raw","mabarchive__tblproposedproject",4,"program","character varying","YES",""
"sink_raw","mabarchive__tblproposedproject",5,"customer","character varying","YES",""
"sink_raw","mabarchive__tblproposedproject",6,"manager","character varying","YES",""
"sink_raw","mabarchive__tblproposedproject",7,"projectstatus","character varying","YES",""
"sink_raw","mabarchive__tblproposedproject",8,"costbookno","character varying","YES",""
"sink_raw","mabarchive__tblproposedproject",9,"disease","character varying","YES",""
"sink_raw","mabarchive__tblproposedproject",10,"reason","character varying","YES",""
"sink_raw","mabarchive__tblpublication",1,"uid","integer","NO","nextval('mabarchive.tblpublication_uid_seq'::regclass)"
"sink_raw","mabarchive__tblpublication",2,"identifier","character varying","NO",""
"sink_raw","mabarchive__tblpublication",3,"type","character varying","NO",""
"sink_raw","mabarchive__tblpublication",4,"program","character varying","NO",""
"sink_raw","mabarchive__tblpublication",5,"subject","character varying","YES",""
"sink_raw","mabarchive__tblpublication",6,"leadauthor","character varying","YES",""
"sink_raw","mabarchive__tblpublication",7,"otherauthors","character varying","YES",""
"sink_raw","mabarchive__tblpublication",8,"targetdate","date","YES",""
"sink_raw","mabarchive__tblpublication",9,"submitted","date","YES",""
"sink_raw","mabarchive__tblpublication",10,"published","boolean","NO",""
"sink_raw","mabarchive__tblpublication",11,"comments","text","YES",""
"sink_raw","mabarchive__tblpublicationproject",1,"publicationuid","integer","NO",""
"sink_raw","mabarchive__tblpublicationproject",2,"parentproject","character varying","NO",""
"sink_raw","mabarchive__tblradtrackcontract",1,"contract","character varying","NO",""
"sink_raw","mabarchive__tblradtrackinvoice",1,"invoicecounter","integer","NO","0"
"sink_raw","mabarchive__tblradtrackinvoice",2,"project","character varying","YES",""
"sink_raw","mabarchive__tblradtrackinvoice",3,"plannedamount","double precision","YES",""
"sink_raw","mabarchive__tblradtrackinvoice",4,"dueamount","double precision","YES",""
"sink_raw","mabarchive__tblradtrackinvoice",5,"duedate","timestamp without time zone","YES",""
"sink_raw","mabarchive__tblradtrackinvoice",6,"actualamount","double precision","YES",""
"sink_raw","mabarchive__tblradtrackinvoice",7,"dateinvoiced","timestamp without time zone","YES",""
"sink_raw","mabarchive__tblradtrackinvoice",8,"contract","character varying","YES",""
"sink_raw","mabarchive__tblradtrackinvoice",9,"datejobsheetraised","timestamp without time zone","YES",""
"sink_raw","mabarchive__tblradtrackinvoice",10,"invoiceref","character varying","YES",""
"sink_raw","mabarchive__tblradtrackinvoice",11,"invoicepaid","smallint","NO",""
"sink_raw","mabarchive__tblradtrackprog",1,"program","character varying","NO",""
"sink_raw","mabarchive__tblradtrackprog",2,"radtrackprog","boolean","NO",""
"sink_raw","mabarchive__tblradtrackprog",3,"publicationprefix","character varying","YES",""
"sink_raw","mabarchive__tblreport",1,"id","integer","NO",""
"sink_raw","mabarchive__tblreport",2,"reportname","character varying","NO",""
"sink_raw","mabarchive__tblreport",3,"reportdescription","character varying","YES",""
"sink_raw","mabarchive__tblreport",4,"filter","character varying","YES",""
"sink_raw","mabarchive__tblreport",5,"mailcomment","character varying","YES",""
"sink_raw","mabarchive__tblreport",6,"mailtitle","character varying","YES",""
"sink_raw","mabarchive__tblreport",7,"emailable","boolean","NO",""
"sink_raw","mabarchive__tblreport",8,"sortorder","integer","YES",""
"sink_raw","mabarchive__tblreport",9,"allowpickprogramme","boolean","NO",""
"sink_raw","mabarchive__tblreport",10,"allowpickproject","boolean","NO",""
"sink_raw","mabarchive__tblreport",11,"allowpickmanager","boolean","NO",""
"sink_raw","mabarchive__tblreport",12,"allowpickcontract","boolean","NO",""
"sink_raw","mabarchive__tblreport",13,"allowpickcustomer","boolean","NO",""
"sink_raw","mabarchive__tblreport",14,"allowpickmonth","boolean","NO",""
"sink_raw","mabarchive__tblreport",15,"allowpickfyear","boolean","NO",""
"sink_raw","mabarchive__tblreport",16,"reporthelp","character varying","YES",""
"sink_raw","mabarchive__tblreport",17,"type","character","NO",""
"sink_raw","mabarchive__tblreportgroup",1,"groupid","integer","NO","nextval('mabarchive.tblreportgroup_groupid_seq'::regclass)"
"sink_raw","mabarchive__tblreportgroup",2,"description","character varying","NO",""
"sink_raw","mabarchive__tblreportgroup_link",1,"reportid","integer","NO",""
"sink_raw","mabarchive__tblreportgroup_link",2,"groupid","integer","NO",""
"sink_raw","mabarchive__tblstaffrequ",1,"sr_identity","integer","NO","nextval('mabarchive.tblstaffrequ_sr_identity_seq'::regclass)"
"sink_raw","mabarchive__tblstaffrequ",2,"project","character varying","YES",""
"sink_raw","mabarchive__tblstaffrequ",3,"year","integer","YES","0"
"sink_raw","mabarchive__tblstaffrequ",4,"wggrade","character varying","NO",""
"sink_raw","mabarchive__tblstaffrequ",5,"name","character varying","YES",""
"sink_raw","mabarchive__tblstaffrequ",6,"nohours","double precision","YES","0"
"sink_raw","mabarchive__tblstaffrequ",7,"nodays","double precision","YES","0"
"sink_raw","mabarchive__tblstaffrequ",8,"chargerate","double precision","YES","0"
"sink_raw","mabarchive__tblstaffrequ",9,"payrate","double precision","YES",""
"sink_raw","mabarchive__tblstaffrequ",10,"npr","double precision","YES",""
"sink_raw","mabarchive__tblstaffrequ",11,"ohr","double precision","YES",""
"sink_raw","mabarchive__tbltestrequ",1,"project","character varying","NO",""
"sink_raw","mabarchive__tbltestrequ",2,"year","integer","NO","0"
"sink_raw","mabarchive__tbltestrequ",3,"testcode","character varying","NO",""
"sink_raw","mabarchive__tbltestrequ",4,"notests","double precision","YES","0"
"sink_raw","mabarchive__tbltestrequ",5,"unitprice","double precision","YES","0"
"sink_raw","mabarchive__temptbladditionalcosts",1,"ac_identity","integer","NO","nextval('mabarchive.temptbladditionalcosts_ac_identity_seq'::regclass)"
"sink_raw","mabarchive__temptbladditionalcosts",2,"project","integer","YES","0"
"sink_raw","mabarchive__temptbladditionalcosts",3,"year","integer","YES","0"
"sink_raw","mabarchive__temptbladditionalcosts",4,"accountcat","character varying","YES",""
"sink_raw","mabarchive__temptbladditionalcosts",5,"description","character varying","YES",""
"sink_raw","mabarchive__temptbladditionalcosts",6,"itemcost","double precision","YES","0"
"sink_raw","mabarchive__temptbladditionalcosts",7,"costentered","double precision","YES","0"
"sink_raw","mabarchive__temptbladditionalcosts",8,"freq","character varying","YES",""
"sink_raw","mabarchive__temptblanimalreq",1,"ar_identity","integer","NO","nextval('mabarchive.temptblanimalreq_ar_identity_seq'::regclass)"
"sink_raw","mabarchive__temptblanimalreq",2,"project","integer","YES","0"
"sink_raw","mabarchive__temptblanimalreq",3,"year","integer","YES","0"
"sink_raw","mabarchive__temptblanimalreq",4,"animaltype","character varying","YES",""
"sink_raw","mabarchive__temptblanimalreq",5,"number of days","double precision","YES","0"
"sink_raw","mabarchive__temptblanimalreq",6,"number of animals","double precision","YES","0"
"sink_raw","mabarchive__temptblanimalreq",7,"dailyrate","double precision","YES","0"
"sink_raw","mabarchive__temptblproject",1,"project","integer","NO","0"
"sink_raw","mabarchive__temptblproject",2,"programme","character varying","YES",""
"sink_raw","mabarchive__temptblproject",3,"plancat","character varying","YES",""
"sink_raw","mabarchive__temptblproject",4,"projecttitle","character varying","YES",""
"sink_raw","mabarchive__temptblproject",5,"projectworkgroup","character varying","YES",""
"sink_raw","mabarchive__temptblproject",6,"contractprice","double precision","YES",""
"sink_raw","mabarchive__temptblproject",7,"startdate","date","YES",""
"sink_raw","mabarchive__temptblproject",8,"disease","character varying","YES",""
"sink_raw","mabarchive__temptblproject",9,"startfyear","numeric","YES","0"
"sink_raw","mabarchive__temptblproject",10,"customer name","character varying","YES",""
"sink_raw","mabarchive__temptblproject",11,"contract number","character varying","YES",""
"sink_raw","mabarchive__temptblproject",12,"submitted by","character varying","YES",""
"sink_raw","mabarchive__temptblproject",13,"date of submission","date","YES",""
"sink_raw","mabarchive__temptblproject",14,"prepared by","character varying","YES",""
"sink_raw","mabarchive__temptblproject",15,"inflation","boolean","YES","false"
"sink_raw","mabarchive__temptblproject",16,"ready","boolean","YES","false"
"sink_raw","mabarchive__temptblproject",17,"financialyears","boolean","YES","true"
"sink_raw","mabarchive__temptblproject",18,"notes","character varying","YES",""
"sink_raw","mabarchive__temptblprojectyear",1,"project","integer","NO","0"
"sink_raw","mabarchive__temptblprojectyear",2,"yearno","integer","NO",""
"sink_raw","mabarchive__temptblstaffrequ",1,"sr_identity","integer","NO","nextval('mabarchive.temptblstaffrequ_sr_identity_seq'::regclass)"
"sink_raw","mabarchive__temptblstaffrequ",2,"project","integer","YES","0"
"sink_raw","mabarchive__temptblstaffrequ",3,"year","integer","YES","0"
"sink_raw","mabarchive__temptblstaffrequ",4,"wggrade","character varying","YES",""
"sink_raw","mabarchive__temptblstaffrequ",5,"name","character varying","YES",""
"sink_raw","mabarchive__temptblstaffrequ",6,"nohours","double precision","YES","0"
"sink_raw","mabarchive__temptblstaffrequ",7,"nodays","double precision","YES","0"
"sink_raw","mabarchive__temptblstaffrequ",8,"chargerate","double precision","YES","0"
"sink_raw","mabarchive__temptbltestreq",1,"project","integer","NO","0"
"sink_raw","mabarchive__temptbltestreq",2,"year","integer","NO","0"
"sink_raw","mabarchive__temptbltestreq",3,"testcode","character varying","NO",""
"sink_raw","mabarchive__temptbltestreq",4,"notests","double precision","YES","0"
"sink_raw","mabarchive__temptbltestreq",5,"unitprice","double precision","YES","0"
"sink_raw","mabarchive__tlkpcommenttopics",1,"topic","character varying","NO",""
"sink_raw","mabarchive__tlkpfrequency",1,"frequencyid","integer","NO",""
"sink_raw","mabarchive__tlkpfrequency",2,"frequency","character varying","YES",""
"sink_raw","mabarchive__tlkpmilestonetype",1,"idtype","character","NO",""
"sink_raw","mabarchive__tlkpmilestonetype",2,"type","character varying","YES",""
"sink_raw","mabarchive__tlkpmilestonetype",3,"milestonedeliverable","character","YES",""
"sink_raw","mabarchive__tlkpmonths",1,"fmonthno","integer","NO",""
"sink_raw","mabarchive__tlkpmonths",2,"monthno","integer","YES",""
"sink_raw","mabarchive__tlkpmonths",3,"monthname","character varying","YES",""
"sink_raw","mabarchive__tlkpprojectstatus",1,"projectstatus","character varying","NO",""
"sink_raw","mabarchive__tlkpprojectstatus",2,"is_fps","boolean","NO",""
"sink_raw","mabarchive__tlkpprojectstatus",3,"is_pims","boolean","NO",""
"sink_raw","mabarchive__tlkppublicationtype",1,"type","character varying","NO",""
"sink_raw","mabarchive__tlkppublicationtype",2,"description","character varying","YES",""
"sink_raw","mabarchive__tlkpreviewitem",1,"itemid","integer","NO",""
"sink_raw","mabarchive__tlkpreviewitem",2,"item","character varying","YES",""
"sink_raw","mabarchive__tlkprisk",1,"riskid","integer","NO",""
"sink_raw","mabarchive__tlkprisk",2,"riskrating","character varying","NO",""
"sink_raw","mabarchive__tlkpyear",1,"year","integer","NO",""
"sink_raw","mabarchive__tlkpyear",2,"latestmonthreleased","integer","YES",""
"sink_raw","public__tblstagingmilestone",1,"id","integer","YES",""
"sink_raw","public__tblstagingmilestone",2,"project","USER-DEFINED","YES",""
"sink_raw","public__tblstagingmilestone",3,"number","text","YES",""
"sink_raw","public__tblstagingmilestone",4,"description","text","YES",""
"sink_raw","public__tblstagingmilestone",5,"datedue","text","YES",""
"sink_raw","public__tblstagingmilestone",6,"note","text","YES",""
"sink_raw","public__tblstagingmilestone",7,"alt_description","text","YES",""
"sink_raw","public__tblstagingmilestone",8,"alt_date","text","YES",""
"sink_raw","public__tblstagingmilestone",9,"alt_number","text","YES",""
"sink_raw","public__tblstagingmilestone",10,"typeid","text","YES",""
"sink_raw","public__tblstagingstaffjob",1,"staffid","USER-DEFINED","YES",""
"sink_raw","public__tblstagingstaffjob",2,"jobcode","USER-DEFINED","YES",""
"sink_raw","public__tblstagingstaffjob",3,"plannedhours","double precision","YES",""
"sink_raw","public__tblstagingtestsrequiredbywg",1,"profitcentre","character varying","YES",""
"sink_raw","public__tblstagingtestsrequiredbywg",2,"wg","character varying","YES",""
"sink_raw","public__tblstagingtestsrequiredbywg",3,"testcode","character varying","YES",""
"sink_raw","public__tblstagingtestsrequiredbywg",4,"norequired","double precision","YES",""
"sink_raw","public__tblstagingtestsrequiredbywg",5,"yeartotal","double precision","YES",""
"sink_raw","public__tblstagingtestsrequiredbywg",6,"testsbywg","double precision","YES",""
"sink_raw","public__tblstagingtestsrequiredbywg",7,"projectedtotal","double precision","YES",""
"sink_raw","public__tblstagingtestsrequiredbywg",8,"itemdescription","text","YES",""
